CustomerID,Recency,Frequency,Monetary
12346,326,1,77184.0
12747,3,103,4207.0
12748,1,4596,33956.0
12749,4,199,4115.0
12820,4,59,946.0
12821,215,6,93.0
12822,71,46,953.0
12823,75,5,1761.0
12824,60,25,399.0
12826,3,91,1498.0
12827,6,25,435.0
12828,3,56,1021.0
12829,337,11,294.0
12830,38,38,6818.0
12831,263,9,216.0
12832,33,27,383.0
12833,146,24,419.0
12834,283,18,313.0
12836,60,175,2631.0
12837,174,12,136.0
12838,34,123,688.0
12839,3,314,5642.0
12840,144,113,2742.0
12841,5,420,4045.0
12842,71,34,1118.0
12843,66,103,1718.0
12844,30,52,329.0
12845,268,27,356.0
12847,23,91,871.0
12849,32,51,1057.0
12851,97,50,134.0
12852,295,17,313.0
12853,135,78,1963.0
12854,79,110,1335.0
12855,373,3,38.0
12856,8,314,2204.0
12857,211,46,1114.0
12863,53,5,521.0
12864,139,3,147.0
12867,27,538,4076.0
12868,186,107,1620.0
12871,85,11,380.0
12872,327,66,604.0
12873,283,4,374.0
12875,144,2,343.0
12877,4,154,1557.0
12878,237,47,860.0
12879,45,10,573.0
12881,276,7,299.0
12882,10,13,1464.0
12883,25,42,711.0
12884,89,7,310.0
12885,64,71,1177.0
12886,68,82,1385.0
12888,215,5,354.0
12890,25,82,381.0
12891,186,3,331.0
12893,31,34,189.0
12895,43,22,372.0
12897,205,4,217.0
12901,9,116,17657.0
12902,265,10,139.0
12904,19,72,515.0
12906,12,63,2923.0
12908,177,2,750.0
12909,40,91,2190.0
12910,24,75,3074.0
12912,3,24,1661.0
12913,5,50,2485.0
12915,149,22,366.0
12916,139,107,3026.0
12917,129,2,594.0
12919,9,50,1339.0
12920,18,28,167.0
12921,10,720,16668.0
12922,162,28,406.0
12923,65,29,176.0
12924,89,30,934.0
12925,5,45,693.0
12928,36,84,2077.0
12929,312,8,118.0
12930,79,25,417.0
12931,22,82,42058.0
12933,25,106,616.0
12935,3,129,2172.0
12936,18,62,1066.0
12937,16,120,1523.0
12938,26,9,115.0
12939,65,47,11578.0
12940,55,99,923.0
12942,132,75,690.0
12944,36,30,605.0
12945,289,23,469.0
12947,144,97,1620.0
12948,17,116,2082.0
12949,31,215,4181.0
12950,3,23,1843.0
12951,9,63,1070.0
12952,6,79,1392.0
12953,10,17,332.0
12955,2,180,4756.0
12956,307,19,111.0
12957,10,238,4034.0
12962,8,16,267.0
12963,9,95,1862.0
12965,90,109,780.0
12966,10,10,161.0
12967,359,19,1663.0
12968,113,5,136.0
12970,8,151,457.0
12971,4,305,11177.0
12974,198,8,146.0
12976,212,22,742.0
12977,157,9,40.0
12980,158,20,7376.0
12981,30,20,373.0
12982,243,28,389.0
12984,19,4,98.0
12985,1,76,1239.0
12987,74,28,561.0
12988,293,92,544.0
12989,4,64,6922.0
12990,32,13,414.0
12991,24,31,507.0
12993,24,27,422.0
12994,5,61,986.0
12995,86,3,211.0
12997,23,59,1233.0
12999,197,28,460.0
13000,107,31,537.0
13001,5,339,9865.0
13002,319,7,121.0
13003,106,6,150.0
13004,12,404,5691.0
13005,174,26,514.0
13006,57,4,82.0
13008,324,14,231.0
13011,373,3,51.0
13012,10,89,1661.0
13013,2,219,4825.0
13014,11,110,3482.0
13015,54,176,3355.0
13016,74,47,788.0
13017,8,1,204.0
13018,17,458,7318.0
13021,5,131,2629.0
13023,65,40,695.0
13026,2,40,973.0
13027,114,26,6912.0
13028,23,45,663.0
13029,31,10,1249.0
13030,12,99,804.0
13032,53,71,1022.0
13033,358,11,195.0
13034,55,37,646.0
13035,74,27,921.0
13037,139,48,890.0
13038,81,28,911.0
13040,9,43,680.0
13043,274,13,519.0
13044,292,33,568.0
13045,100,18,307.0
13046,31,35,634.0
13047,32,172,3266.0
13048,15,136,1871.0
13049,65,14,657.0
13050,15,403,5875.0
13052,213,18,351.0
13055,79,76,1222.0
13058,25,8,272.0
13059,250,8,185.0
13060,254,15,307.0
13061,73,10,250.0
13062,192,11,348.0
13064,13,69,1129.0
13065,374,14,207.0
13066,25,48,480.0
13067,83,15,116.0
13068,11,2,344.0
13069,1,425,4453.0
13070,193,9,231.0
13072,267,7,178.0
13075,130,22,919.0
13077,2,112,739.0
13078,4,358,12665.0
13079,5,6,221.0
13080,180,6,57.0
13081,12,1028,28385.0
13082,127,73,3623.0
13083,5,18,303.0
13085,158,22,417.0
13089,3,1818,58964.0
13090,9,155,8919.0
13091,29,21,347.0
13092,71,25,479.0
13093,276,159,7849.0
13094,22,24,1922.0
13095,71,6,73.0
13097,33,423,6054.0
13098,2,572,28971.0
13099,100,1,207.0
13101,235,8,102.0
13102,2,304,6434.0
13103,40,8,243.0
13104,4,20,1099.0
13106,134,1,77.0
13107,45,58,1534.0
13108,373,10,351.0
13109,60,47,798.0
13110,32,145,1498.0
13113,1,201,12274.0
13115,12,120,2315.0
13116,139,30,508.0
13117,22,76,988.0
13118,20,79,1205.0
13120,239,1,31.0
13121,270,50,287.0
13122,95,55,929.0
13124,90,235,3894.0
13126,5,140,2103.0
13127,78,15,260.0
13130,95,2,64.0
13131,24,44,1081.0
13132,262,3,77.0
13133,274,7,111.0
13134,86,98,1810.0
13135,197,1,3096.0
13136,57,127,2622.0
13137,11,704,3682.0
13138,23,63,966.0
13139,17,170,5075.0
13140,109,46,428.0
13141,85,135,2396.0
13142,20,23,308.0
13144,333,3,112.0
13145,40,6,619.0
13146,27,17,231.0
13147,11,4,714.0
13148,30,319,3741.0
13149,15,86,1681.0
13151,296,74,1266.0
13153,6,15,484.0
13155,34,85,980.0
13157,50,87,1752.0
13158,95,79,1212.0
13159,9,121,1454.0
13160,23,4,92.0
13161,314,8,114.0
13162,123,79,1690.0
13165,47,42,1022.0
13166,284,41,424.0
13167,19,65,794.0
13168,37,131,1330.0
13169,64,13,713.0
13170,27,32,120.0
13171,22,46,471.0
13173,5,43,356.0
13174,17,314,2838.0
13176,47,72,498.0
13177,65,17,285.0
13178,27,265,5796.0
13182,46,11,124.0
13183,8,94,3971.0
13184,15,181,1717.0
13185,268,1,71.0
13186,40,79,1581.0
13187,338,37,237.0
13188,12,2,115.0
13189,19,29,263.0
13192,96,63,922.0
13193,62,29,119.0
13194,136,3,61.0
13196,12,110,1805.0
13198,11,226,3430.0
13199,4,119,9816.0
13200,20,46,873.0
13203,10,57,872.0
13207,16,8,249.0
13208,59,149,1240.0
13209,31,321,5934.0
13210,94,22,356.0
13211,11,56,1204.0
13212,20,142,795.0
13213,57,90,1521.0
13216,268,5,335.0
13217,123,4,534.0
13218,128,5,63.0
13220,79,21,822.0
13221,241,66,855.0
13223,201,5,163.0
13224,61,108,2177.0
13225,4,32,6466.0
13226,274,16,109.0
13227,202,9,261.0
13228,82,2,358.0
13229,226,10,162.0
13230,5,611,2864.0
13232,13,207,1367.0
13233,75,43,606.0
13235,213,58,1034.0
13236,25,36,749.0
13238,18,31,707.0
13239,262,22,331.0
13240,97,67,670.0
13242,113,13,273.0
13243,204,58,608.0
13244,93,27,121.0
13245,51,16,433.0
13246,19,141,1995.0
13247,18,25,504.0
13248,125,26,466.0
13249,93,23,710.0
13253,157,36,1029.0
13255,10,13,401.0
13256,15,1,0.0
13258,12,38,705.0
13259,62,87,296.0
13260,62,8,559.0
13261,269,9,945.0
13262,264,11,202.0
13263,2,1677,7537.0
13265,54,91,2107.0
13266,12,187,3840.0
13267,3,211,4535.0
13268,18,440,3240.0
13269,2,316,5360.0
13270,367,1,590.0
13271,38,96,216.0
13272,32,15,280.0
13273,114,16,139.0
13276,64,30,596.0
13277,16,8,259.0
13278,41,46,556.0
13279,79,9,139.0
13280,123,85,830.0
13282,19,37,1139.0
13283,60,7,96.0
13284,331,13,203.0
13285,24,187,2741.0
13291,156,42,366.0
13292,39,31,582.0
13294,190,54,882.0
13295,360,10,202.0
13296,138,5,88.0
13297,8,59,2097.0
13298,2,2,360.0
13299,269,5,144.0
13300,170,20,374.0
13301,104,81,627.0
13302,156,1,64.0
13304,352,21,304.0
13305,5,81,2005.0
13307,121,1,15.0
13308,23,54,1387.0
13309,8,107,1483.0
13310,29,72,1136.0
13311,5,26,602.0
13313,23,78,1565.0
13314,2,62,781.0
13316,38,87,5982.0
13317,67,124,2284.0
13318,2,20,641.0
13319,6,476,10909.0
13320,79,106,1572.0
13321,73,11,566.0
13322,18,25,202.0
13323,4,21,790.0
13324,37,75,7119.0
13325,82,12,677.0
13327,39,108,3632.0
13328,317,17,1306.0
13329,32,17,787.0
13330,93,53,1147.0
13332,15,21,354.0
13334,83,268,3560.0
13336,78,51,798.0
13338,158,19,488.0
13339,201,54,866.0
13340,46,134,10748.0
13341,261,42,779.0
13343,178,19,357.0
13344,68,119,2556.0
13345,288,20,394.0
13347,71,8,342.0
13348,65,14,234.0
13349,11,16,247.0
13350,17,40,983.0
13351,67,16,376.0
13352,61,24,399.0
13354,72,51,745.0
13355,123,32,681.0
13356,81,42,772.0
13357,258,90,617.0
13358,269,29,442.0
13359,64,23,441.0
13362,10,166,3105.0
13363,18,60,993.0
13364,72,10,136.0
13365,34,128,2238.0
13366,51,1,56.0
13368,257,29,626.0
13369,366,14,308.0
13370,372,39,759.0
13372,90,23,381.0
13373,61,158,3321.0
13375,89,37,783.0
13376,100,53,1029.0
13379,27,97,579.0
13381,32,172,3645.0
13382,281,15,225.0
13384,31,152,4167.0
13385,330,35,538.0
13388,132,35,679.0
13389,12,51,802.0
13390,75,13,544.0
13391,204,1,60.0
13394,2,155,2524.0
13395,186,21,311.0
13396,30,43,1362.0
13397,73,38,1547.0
13398,193,26,460.0
13402,128,39,619.0
13403,18,3,75.0
13404,2,11,253.0
13405,75,27,576.0
13408,2,478,28127.0
13410,25,28,1001.0
13411,108,18,217.0
13414,134,24,1392.0
13416,44,19,714.0
13417,5,28,644.0
13418,12,304,6157.0
13419,64,16,221.0
13420,150,8,160.0
13421,41,104,1860.0
13422,65,127,2631.0
13425,109,78,1636.0
13426,1,157,3640.0
13427,20,29,581.0
13428,11,74,214.0
13429,11,67,1011.0
13430,19,49,680.0
13431,68,46,1273.0
13434,75,10,535.0
13435,6,101,3816.0
13436,2,12,198.0
13437,15,167,3427.0
13439,256,54,291.0
13441,92,13,298.0
13447,24,59,1137.0
13448,17,195,3554.0
13449,24,19,293.0
13450,27,71,2044.0
13451,27,443,3011.0
13452,260,2,590.0
13453,166,17,358.0
13455,25,46,1063.0
13456,18,63,1771.0
13458,8,382,9669.0
13460,30,17,188.0
13461,39,27,1449.0
13462,253,9,153.0
13464,59,41,676.0
13466,185,17,308.0
13467,11,99,1096.0
13468,2,302,5737.0
13470,100,10,170.0
13471,2,260,2550.0
13473,61,21,422.0
13474,237,64,236.0
13475,192,86,1431.0
13476,179,58,1248.0
13477,38,79,1453.0
13479,201,15,303.0
13481,46,109,1817.0
13482,233,11,185.0
13483,66,10,140.0
13484,242,8,316.0
13485,234,23,458.0
13486,79,69,1125.0
13487,58,34,582.0
13488,18,422,9008.0
13489,106,14,449.0
13491,52,86,1222.0
13494,312,18,319.0
13495,8,48,2047.0
13496,11,35,656.0
13497,283,19,349.0
13499,18,42,1164.0
13500,24,65,1172.0
13502,17,18,291.0
13503,72,17,220.0
13504,65,22,300.0
13506,317,26,460.0
13507,4,162,2500.0
13508,244,12,111.0
13509,9,44,982.0
13510,2,115,1813.0
13512,261,15,253.0
13513,127,10,207.0
13514,74,4,152.0
13515,73,59,900.0
13516,22,44,1393.0
13517,60,141,2142.0
13518,86,38,662.0
13519,79,8,124.0
13521,2,436,1122.0
13522,31,5,126.0
13523,34,172,3974.0
13524,41,27,680.0
13525,15,6,629.0
13527,34,223,2321.0
13529,79,15,312.0
13531,206,22,489.0
13532,34,66,209.0
13533,183,76,269.0
13534,3,296,5958.0
13536,2,179,3476.0
13538,44,25,1290.0
13539,86,37,639.0
13544,40,87,290.0
13546,13,98,628.0
13548,97,124,690.0
13549,26,51,926.0
13551,320,4,92.0
13552,67,109,3751.0
13555,74,136,4156.0
13557,29,34,587.0
13558,6,175,608.0
13560,8,33,175.0
13561,216,14,143.0
13562,82,82,1813.0
13563,85,49,783.0
13564,145,83,1753.0
13565,20,38,245.0
13566,41,176,884.0
13568,174,44,197.0
13569,18,85,379.0
13570,244,27,240.0
13571,13,341,2092.0
13572,206,33,1385.0
13573,51,26,295.0
13575,24,46,737.0
13576,11,126,6730.0
13577,26,83,1710.0
13579,15,23,471.0
13581,310,10,119.0
13583,156,53,788.0
13584,307,24,143.0
13587,64,8,712.0
13588,16,174,2482.0
13589,15,21,383.0
13590,12,87,1993.0
13591,65,58,1128.0
13592,36,16,251.0
13593,109,128,2051.0
13594,53,26,399.0
13596,6,166,703.0
13598,48,40,181.0
13599,2,247,5176.0
13600,313,19,224.0
13601,46,99,703.0
13602,65,23,430.0
13603,27,27,166.0
13606,30,43,285.0
13607,41,98,687.0
13610,13,226,1145.0
13611,90,74,1176.0
13614,25,201,1628.0
13615,319,23,419.0
13617,41,44,552.0
13618,174,13,180.0
13621,117,19,213.0
13623,31,81,756.0
13626,253,19,257.0
13627,60,92,1646.0
13629,24,59,7795.0
13630,6,71,2032.0
13631,100,11,3071.0
13632,25,146,2125.0
13634,34,188,1585.0
13635,68,62,1070.0
13636,37,63,957.0
13637,53,101,819.0
13638,16,8,123.0
13639,75,40,1033.0
13642,216,66,357.0
13643,32,28,525.0
13644,17,146,2635.0
13645,121,5,252.0
13647,10,79,1690.0
13649,257,23,348.0
13650,17,96,1841.0
13651,36,6,94.0
13652,46,63,1099.0
13654,44,166,2726.0
13655,115,56,944.0
13656,165,49,380.0
13657,11,16,384.0
13658,10,108,2659.0
13659,206,104,1571.0
13662,86,53,908.0
13663,180,13,192.0
13666,61,12,86.0
13667,150,87,305.0
13668,3,470,6399.0
13669,51,9,220.0
13670,76,25,352.0
13672,302,6,187.0
13673,19,65,397.0
13675,152,25,487.0
13678,152,16,234.0
13680,2,195,3742.0
13681,18,57,834.0
13682,188,3,60.0
13684,286,30,65.0
13685,3,39,3113.0
13686,183,8,76.0
13689,64,6,910.0
13690,60,9,173.0
13692,25,53,1490.0
13694,4,568,65043.0
13695,32,90,2511.0
13697,39,12,151.0
13699,156,14,310.0
13700,27,197,2279.0
13703,319,1,100.0
13704,6,134,2319.0
13705,8,28,713.0
13706,303,20,335.0
13707,268,48,813.0
13708,272,51,304.0
13709,4,336,6368.0
13710,32,8,181.0
13711,219,13,255.0
13712,247,10,229.0
13715,282,105,1097.0
13716,270,21,139.0
13717,33,102,1450.0
13718,247,12,308.0
13719,16,60,1044.0
13720,117,43,801.0
13721,37,28,526.0
13722,132,85,2377.0
13723,218,6,201.0
13725,50,104,2001.0
13726,39,42,1081.0
13727,29,20,337.0
13728,37,63,1020.0
13730,136,43,754.0
13731,220,38,614.0
13732,29,33,493.0
13735,25,196,2899.0
13736,6,191,747.0
13737,201,30,340.0
13739,19,3,217.0
13740,241,23,352.0
13741,72,34,672.0
13742,17,321,3165.0
13743,3,41,1345.0
13744,96,72,1161.0
13745,163,25,300.0
13747,374,1,80.0
13748,96,28,951.0
13750,54,24,1649.0
13751,289,9,298.0
13752,125,76,1191.0
13753,288,35,747.0
13754,152,12,281.0
13755,4,342,2180.0
13756,3,142,5197.0
13758,12,117,3199.0
13759,34,25,662.0
13760,55,57,292.0
13761,51,70,1080.0
13762,219,7,306.0
13763,64,15,1718.0
13764,71,208,1538.0
13767,3,368,17251.0
13769,3,135,2809.0
13771,65,119,2642.0
13772,34,177,1145.0
13774,82,22,346.0
13777,1,197,25988.0
13778,104,9,178.0
13780,8,57,364.0
13781,251,17,127.0
13782,13,115,919.0
13784,10,31,2463.0
13786,368,7,230.0
13787,76,31,311.0
13790,5,45,341.0
13791,128,11,1516.0
13792,67,13,196.0
13798,2,349,37178.0
13799,117,39,691.0
13800,310,33,561.0
13801,67,23,327.0
13802,139,60,4601.0
13803,256,17,280.0
13804,31,137,2641.0
13805,53,13,923.0
13806,64,10,256.0
13807,368,7,114.0
13808,6,76,1753.0
13819,302,36,1144.0
13821,145,59,394.0
13822,6,96,642.0
13823,19,40,967.0
13824,33,46,1704.0
13826,177,10,191.0
13827,58,93,410.0
13828,23,15,212.0
13831,17,74,2209.0
13832,20,3,52.0
13833,160,29,389.0
13835,26,55,842.0
13837,212,19,272.0
13838,6,174,699.0
13841,253,1,85.0
13842,59,206,3404.0
13844,12,20,361.0
13845,65,9,314.0
13846,25,55,873.0
13848,93,5,1255.0
13849,52,101,1550.0
13850,130,93,1606.0
13851,96,81,2655.0
13853,58,23,1091.0
13854,9,110,8110.0
13856,169,14,391.0
13858,58,11,218.0
13859,327,28,205.0
13860,2,76,1256.0
13862,19,139,2220.0
13863,248,20,308.0
13865,59,30,508.0
13866,75,7,147.0
13867,32,61,1021.0
13868,8,33,3193.0
13869,124,307,3136.0
13870,3,115,2779.0
13871,23,336,6445.0
13873,120,23,392.0
13874,359,18,544.0
13875,54,104,1805.0
13876,64,7,124.0
13877,87,3,117.0
13878,55,36,1286.0
13880,22,165,3221.0
13881,4,178,17167.0
13882,3,65,1195.0
13883,11,142,2691.0
13884,8,59,791.0
13885,190,28,511.0
13886,72,16,246.0
13887,205,19,353.0
13888,120,40,612.0
13889,93,15,417.0
13890,2,110,1894.0
13892,27,27,631.0
13893,298,21,825.0
13894,24,27,567.0
13895,29,118,2603.0
13897,51,17,313.0
13898,326,12,157.0
13899,17,19,390.0
13900,184,43,746.0
13901,73,149,2875.0
13904,38,26,332.0
13908,80,122,2380.0
13911,58,148,2594.0
13914,12,33,628.0
13917,50,18,272.0
13918,50,30,1212.0
13922,352,7,173.0
13923,54,20,350.0
13924,2,117,1852.0
13925,93,41,681.0
13926,24,11,224.0
13927,75,21,353.0
13928,11,27,468.0
13929,170,9,843.0
13930,58,17,337.0
13931,96,58,1242.0
13932,295,16,309.0
13933,110,23,609.0
13934,264,31,925.0
13936,180,26,376.0
13937,170,9,160.0
13938,36,7,73.0
13939,24,45,570.0
13940,18,49,842.0
13941,22,45,5113.0
13946,80,11,562.0
13947,66,5,92.0
13948,361,3,102.0
13949,3,160,2441.0
13950,12,35,750.0
13951,177,39,677.0
13952,218,137,3266.0
13953,8,20,3518.0
13954,2,25,443.0
13955,155,33,326.0
13956,6,152,1037.0
13959,80,92,607.0
13960,22,12,232.0
13962,22,11,171.0
13963,309,35,665.0
13967,146,2,81.0
13969,8,626,9112.0
13971,19,149,2772.0
13972,71,15,191.0
13973,288,11,265.0
13974,50,28,415.0
13975,32,338,2551.0
13976,207,10,359.0
13978,15,15,200.0
13979,74,54,872.0
13980,61,11,202.0
13982,40,111,1887.0
13983,30,107,2615.0
13984,27,16,922.0
13985,5,351,7108.0
13986,18,13,321.0
13988,20,234,4161.0
13989,66,41,1268.0
13990,214,16,313.0
13991,13,84,865.0
13992,31,5,78.0
13993,43,121,3484.0
13994,4,155,2331.0
13995,16,86,1416.0
13999,11,208,3927.0
14000,212,15,638.0
14001,46,39,2045.0
14002,135,47,533.0
14004,44,171,4594.0
14005,10,84,2871.0
14006,116,30,968.0
14009,199,42,703.0
14012,278,11,331.0
14013,111,34,474.0
14014,78,39,510.0
14015,53,20,916.0
14019,47,66,1426.0
14020,17,39,642.0
14021,156,22,635.0
14022,226,28,440.0
14023,8,31,585.0
14024,122,16,331.0
14027,61,6,104.0
14029,64,15,468.0
14030,19,243,2382.0
14031,8,250,17297.0
14032,3,143,2975.0
14034,23,89,660.0
14035,29,66,1435.0
14036,285,38,630.0
14037,177,28,151.0
14038,79,92,1584.0
14039,34,6,155.0
14040,41,235,3647.0
14041,267,21,146.0
14044,27,209,661.0
14045,110,6,1660.0
14046,285,14,154.0
14047,9,32,1314.0
14048,306,85,412.0
14049,17,488,5741.0
14050,32,54,747.0
14051,1,210,15619.0
14052,20,56,229.0
14053,125,4,261.0
14054,66,6,95.0
14055,107,10,727.0
14056,2,1106,8296.0
14057,24,284,6242.0
14059,267,8,184.0
14060,5,202,6155.0
14062,10,111,10477.0
14064,30,80,1359.0
14066,267,7,152.0
14067,64,52,381.0
14068,321,24,270.0
14071,4,324,1457.0
14073,33,13,152.0
14075,5,43,944.0
14076,130,46,125.0
14077,41,42,502.0
14078,102,65,1053.0
14079,125,12,376.0
14080,33,4,45.0
14081,303,153,944.0
14082,365,29,185.0
14083,5,181,1035.0
14085,3,450,4495.0
14087,3,69,198.0
14088,11,589,50539.0
14089,57,14,160.0
14090,325,1,76.0
14092,8,214,4090.0
14093,13,105,453.0
14096,5,5111,65014.0
14098,37,21,148.0
14099,17,250,3124.0
14100,138,26,199.0
14101,74,35,5979.0
14102,6,79,1364.0
14104,155,21,217.0
14105,240,74,1272.0
14107,52,123,2708.0
14108,31,34,598.0
14109,73,9,144.0
14110,4,156,5707.0
14111,15,10,692.0
14112,23,160,2946.0
14113,4,34,1842.0
14114,274,15,388.0
14116,20,72,1386.0
14117,144,3,90.0
14121,4,159,2787.0
14124,85,5,419.0
14125,11,167,2755.0
14126,8,15,708.0
14127,123,44,715.0
14128,61,46,637.0
14129,2,52,1125.0
14130,320,67,494.0
14132,3,200,3586.0
14133,130,28,605.0
14135,2,134,4703.0
14138,2,47,980.0
14139,47,26,413.0
14140,4,66,935.0
14141,3,40,917.0
14142,374,22,312.0
14143,134,7,116.0
14145,47,11,3743.0
14146,9,210,4210.0
14147,79,5,484.0
14148,234,3,158.0
14149,221,28,447.0
14150,36,26,658.0
14152,76,49,626.0
14154,240,52,1351.0
14155,267,6,120.0
14157,20,48,433.0
14158,41,41,513.0
14159,20,1204,4774.0
14161,216,108,1117.0
14162,174,25,292.0
14163,88,52,2447.0
14164,71,29,1629.0
14165,276,25,126.0
14167,40,52,583.0
14171,99,58,371.0
14173,11,29,456.0
14174,34,26,139.0
14175,60,149,3233.0
14176,298,31,580.0
14177,87,42,565.0
14178,9,327,1632.0
14179,41,165,722.0
14180,11,240,4784.0
14184,67,24,454.0
14185,332,3,198.0
14188,31,65,2063.0
14189,3,265,4664.0
14191,2,259,4725.0
14193,68,42,856.0
14194,5,579,11424.0
14195,202,7,1013.0
14196,107,6,335.0
14198,19,39,708.0
14199,219,2,185.0
14201,61,37,753.0
14204,3,44,163.0
14205,17,24,467.0
14206,240,20,327.0
14208,95,10,154.0
14209,11,87,2083.0
14210,106,102,1916.0
14211,54,112,2254.0
14212,90,9,1070.0
14214,31,67,1011.0
14215,12,108,1792.0
14216,4,59,1846.0
14217,2,100,2019.0
14218,43,12,171.0
14219,5,7,90.0
14220,248,21,635.0
14221,43,193,3453.0
14222,178,41,687.0
14223,93,60,990.0
14224,111,118,1054.0
14226,29,67,2237.0
14227,27,175,3378.0
14229,52,40,1555.0
14231,184,50,934.0
14232,43,115,2053.0
14233,50,35,1463.0
14234,23,159,785.0
14235,76,79,3157.0
14236,81,15,489.0
14237,374,9,162.0
14238,327,8,149.0
14239,44,112,2391.0
14240,31,42,891.0
14241,184,10,213.0
14242,235,16,283.0
14243,9,141,2603.0
14245,220,108,1708.0
14246,111,75,1481.0
14247,279,20,139.0
14248,319,8,303.0
14250,8,111,1908.0
14251,2,78,2880.0
14256,261,53,977.0
14257,65,106,3116.0
14258,10,111,12673.0
14259,142,5,121.0
14261,51,52,1170.0
14262,9,143,2621.0
14264,155,17,337.0
14267,163,55,1527.0
14270,332,29,495.0
14271,226,10,113.0
14272,74,33,442.0
14273,52,29,565.0
14276,99,64,1126.0
14280,197,8,135.0
14282,4,156,3768.0
14284,31,32,600.0
14285,22,27,1910.0
14286,24,280,4650.0
14287,9,9,177.0
14288,214,16,428.0
14289,9,47,919.0
14290,12,101,2328.0
14291,2,237,3918.0
14292,8,100,4874.0
14293,4,61,1047.0
14295,41,5,165.0
14297,18,62,1308.0
14298,9,1637,51508.0
14299,9,143,3969.0
14300,19,3,44.0
14301,118,13,639.0
14304,223,17,386.0
14305,72,105,1865.0
14306,52,33,2097.0
14307,89,180,3008.0
14309,9,117,2361.0
14311,243,20,312.0
14312,47,87,1620.0
14314,107,8,120.0
14315,45,101,2501.0
14317,65,24,511.0
14320,207,31,478.0
14321,11,123,1539.0
14323,115,36,609.0
14326,243,8,184.0
14327,164,12,313.0
14329,18,259,5047.0
14331,125,28,465.0
14332,23,26,866.0
14333,68,15,418.0
14334,17,162,2574.0
14336,17,90,1617.0
14338,162,31,592.0
14339,243,14,310.0
14340,219,6,135.0
14341,46,129,2196.0
14342,22,21,670.0
14344,128,71,895.0
14345,39,6,110.0
14346,121,60,1028.0
14348,261,18,410.0
14349,11,31,136.0
14350,275,18,284.0
14351,165,1,51.0
14352,158,47,1079.0
14353,216,6,91.0
14354,6,9,162.0
14355,366,11,175.0
14356,80,33,704.0
14357,44,41,231.0
14359,20,55,915.0
14360,32,118,2141.0
14362,23,41,161.0
14364,109,69,3723.0
14367,9,524,9339.0
14368,320,8,156.0
14371,296,4,101.0
14373,359,4,77.0
14375,186,75,260.0
14377,192,11,617.0
14379,45,46,354.0
14381,53,56,214.0
14382,27,131,631.0
14383,39,59,1252.0
14385,10,14,204.0
14386,297,7,143.0
14387,33,140,1791.0
14388,11,186,3247.0
14389,66,45,1055.0
14390,11,286,4675.0
14393,219,5,68.0
14395,3,350,3530.0
14396,66,73,494.0
14397,3,87,2618.0
14400,150,25,580.0
14401,5,182,4045.0
14403,131,20,1476.0
14404,34,103,1485.0
14406,120,8,158.0
14407,108,73,2168.0
14408,11,107,2602.0
14409,72,54,2072.0
14410,93,194,1112.0
14411,311,14,1063.0
14412,43,43,773.0
14413,363,23,125.0
14414,92,97,1501.0
14415,2,590,5925.0
14416,23,14,491.0
14418,4,124,1944.0
14419,11,206,1068.0
14420,100,29,387.0
14421,58,27,812.0
14422,1,222,4277.0
14423,219,3,265.0
14424,18,1,322.0
14426,24,224,4494.0
14427,51,17,366.0
14428,8,144,1253.0
14431,303,17,474.0
14432,10,382,2292.0
14434,22,12,1377.0
14436,99,9,90.0
14437,366,5,62.0
14438,307,9,136.0
14440,9,55,2359.0
14441,1,51,1715.0
14443,54,93,1433.0
14446,1,293,1049.0
14447,19,70,1176.0
14448,10,20,377.0
14449,19,258,918.0
14450,181,40,485.0
14451,61,109,662.0
14452,11,62,269.0
14453,191,22,122.0
14456,6,970,3105.0
14457,311,4,114.0
14459,156,37,1839.0
14460,111,16,435.0
14461,149,180,2124.0
14462,67,240,2017.0
14463,99,6,530.0
14465,247,130,1062.0
14466,30,72,2282.0
14467,18,90,607.0
14470,12,43,466.0
14472,104,281,1963.0
14473,75,7,234.0
14474,47,29,553.0
14475,72,42,930.0
14476,258,19,217.0
14477,20,10,1310.0
14479,254,18,318.0
14480,12,13,280.0
14481,165,30,642.0
14482,19,144,2078.0
14483,282,9,138.0
14484,51,14,323.0
14485,39,47,172.0
14487,27,144,1203.0
14488,68,46,1065.0
14489,208,30,474.0
14491,176,17,341.0
14493,8,120,2388.0
14494,26,7,139.0
14495,51,6,125.0
14496,312,19,540.0
14497,310,29,479.0
14498,43,193,1973.0
14499,27,194,825.0
14500,89,7,357.0
14501,184,10,251.0
14502,20,624,2522.0
14503,4,164,3548.0
14504,48,107,687.0
14505,18,799,5970.0
14506,18,316,2039.0
14507,24,96,1390.0
14508,23,57,278.0
14511,12,68,1317.0
14512,188,23,278.0
14513,101,12,457.0
14514,62,73,1061.0
14515,18,101,2119.0
14517,34,18,334.0
14518,65,16,174.0
14520,2,4,270.0
14522,25,17,975.0
14523,109,12,242.0
14524,32,203,1880.0
14525,20,291,4352.0
14527,3,972,8588.0
14528,38,18,365.0
14529,61,229,623.0
14530,26,216,2948.0
14532,237,64,940.0
14533,25,62,1953.0
14534,3,519,4489.0
14535,61,330,2881.0
14536,260,19,175.0
14537,58,10,358.0
14538,65,19,388.0
14539,16,32,537.0
14540,10,76,1006.0
14541,59,111,1469.0
14542,186,5,104.0
14543,29,72,3637.0
14544,25,114,2033.0
14546,6,399,2611.0
14547,4,366,4028.0
14548,151,4,654.0
14549,312,56,296.0
14550,11,48,769.0
14551,19,10,188.0
14552,152,58,173.0
14553,20,113,867.0
14554,11,216,2388.0
14555,58,21,328.0
14557,86,16,790.0
14560,8,74,2239.0
14561,76,69,1085.0
14562,4,423,5112.0
14565,96,127,3109.0
14567,57,33,1525.0
14569,2,12,228.0
14570,281,29,218.0
14572,4,270,2855.0
14573,180,235,1676.0
14576,373,1,35.0
14577,13,123,862.0
14578,4,24,172.0
14581,17,17,138.0
14582,41,6,115.0
14583,6,330,1084.0
14584,170,100,1048.0
14585,51,29,162.0
14586,277,19,237.0
14587,19,383,1631.0
14589,372,3,40.0
14591,16,197,1466.0
14592,36,164,568.0
14593,22,152,626.0
14594,8,53,386.0
14595,20,102,1749.0
14597,12,55,889.0
14598,45,50,224.0
14600,306,25,397.0
14601,11,7,213.0
14603,275,2,660.0
14606,2,2700,12248.0
14607,16,86,16573.0
14608,5,20,1787.0
14609,73,4,601.0
14616,243,3,406.0
14618,10,16,554.0
14619,246,20,398.0
14620,206,26,415.0
14621,2,92,1798.0
14622,185,21,322.0
14623,33,134,894.0
14624,58,13,228.0
14625,197,53,906.0
14626,24,122,2805.0
14628,92,24,676.0
14629,5,152,979.0
14631,51,41,1005.0
14632,263,8,117.0
14633,267,20,346.0
14636,37,28,615.0
14638,51,16,444.0
14639,53,172,2994.0
14640,25,106,2132.0
14641,22,7,111.0
14642,59,2,96.0
14643,171,31,697.0
14644,68,26,832.0
14645,157,30,602.0
14647,202,30,243.0
14649,5,199,1425.0
14651,68,102,662.0
14652,78,29,114.0
14653,2,237,1965.0
14655,9,49,1932.0
14656,170,80,298.0
14657,18,126,858.0
14658,6,29,248.0
14659,9,253,2544.0
14660,87,30,290.0
14661,27,4,108.0
14662,29,168,779.0
14664,20,99,640.0
14665,61,90,1841.0
14666,25,14,195.0
14667,11,573,9295.0
14669,242,170,1279.0
14670,281,132,417.0
14672,235,61,773.0
14673,4,74,1739.0
14675,17,102,612.0
14676,32,42,2545.0
14680,26,258,28782.0
14681,72,7,500.0
14682,188,2,52.0
14684,26,421,1271.0
14687,107,15,629.0
14688,8,327,5662.0
14689,209,13,113.0
14690,45,50,371.0
14691,31,71,2128.0
14692,138,68,600.0
14693,265,8,174.0
14696,5,130,2085.0
14697,219,22,192.0
14698,2,210,1275.0
14699,215,8,110.0
14700,33,115,2253.0
14701,11,335,2568.0
14702,2,347,3325.0
14703,15,22,322.0
14704,12,415,1558.0
14705,199,1,179.0
14708,3,28,1128.0
14709,16,196,4967.0
14710,15,139,609.0
14711,11,357,2897.0
14712,30,25,916.0
14713,10,339,2690.0
14714,25,10,162.0
14715,25,71,876.0
14716,44,55,331.0
14719,2,237,1622.0
14720,6,37,666.0
14722,148,29,192.0
14723,11,278,1162.0
14725,25,52,731.0
14727,275,10,270.0
14729,374,71,315.0
14730,2,501,2026.0
14731,48,45,382.0
14732,9,147,2721.0
14733,17,202,9600.0
14735,4,194,6080.0
14737,4,17,1166.0
14738,43,54,1315.0
14739,5,60,3906.0
14740,198,89,1455.0
14741,12,59,1401.0
14744,17,26,1103.0
14745,113,69,1230.0
14747,250,18,331.0
14748,30,89,1417.0
14752,44,5,390.0
14753,88,30,566.0
14754,45,41,642.0
14755,10,235,5027.0
14756,16,38,743.0
14757,76,19,425.0
14758,145,71,1492.0
14759,5,102,1635.0
14760,298,5,90.0
14761,59,11,256.0
14762,264,21,303.0
14764,47,6,279.0
14765,30,39,257.0
14766,9,135,2490.0
14768,18,5,192.0
14769,3,1090,10764.0
14770,233,52,881.0
14772,113,9,139.0
14775,59,60,1013.0
14776,52,117,2537.0
14778,128,35,730.0
14779,281,41,390.0
14780,55,27,450.0
14782,320,6,200.0
14784,27,15,291.0
14785,11,3,77.0
14788,8,30,682.0
14789,29,6,196.0
14790,17,46,754.0
14792,64,2,6.0
14793,22,14,230.0
14794,3,80,1327.0
14795,167,6,132.0
14796,2,1141,8068.0
14798,53,12,175.0
14799,52,13,159.0
14800,48,385,4360.0
14801,62,59,201.0
14803,163,44,841.0
14804,9,12,353.0
14805,16,47,557.0
14806,76,11,193.0
14808,40,235,2756.0
14810,41,255,2107.0
14813,370,30,156.0
14815,37,53,780.0
14816,198,4,272.0
14817,201,63,1125.0
14818,74,48,665.0
14819,65,13,272.0
14820,22,29,507.0
14821,367,2,49.0
14823,181,70,329.0
14824,11,29,1130.0
14825,4,121,2249.0
14828,197,17,2142.0
14829,30,42,702.0
14830,54,40,198.0
14834,18,67,1724.0
14836,11,6,102.0
14837,90,108,1654.0
14840,268,4,63.0
14841,54,138,3312.0
14842,44,145,2833.0
14844,64,130,3203.0
14847,149,13,311.0
14849,22,388,7961.0
14850,312,21,327.0
14851,24,28,509.0
14852,59,143,2851.0
14853,25,9,477.0
14854,79,127,2768.0
14855,120,20,650.0
14856,37,66,1317.0
14857,60,60,1183.0
14859,13,58,1361.0
14860,20,11,173.0
14861,53,6,127.0
14862,26,48,846.0
14863,30,11,265.0
14865,8,4,52.0
14866,11,99,14393.0
14867,186,36,712.0
14868,4,144,2964.0
14869,9,71,733.0
14870,262,13,328.0
14871,4,98,529.0
14873,211,28,524.0
14875,108,47,1469.0
14878,13,124,1495.0
14880,78,47,709.0
14881,20,17,257.0
14882,27,11,590.0
14883,19,53,771.0
14885,132,15,764.0
14886,253,18,369.0
14887,80,6,1862.0
14888,208,20,378.0
14889,337,10,137.0
14890,254,7,127.0
14891,149,33,564.0
14893,10,73,1246.0
14894,86,23,657.0
14895,8,498,11174.0
14896,205,43,471.0
14897,8,55,1371.0
14898,24,116,1312.0
14901,12,96,1427.0
14902,26,20,336.0
14903,22,355,2836.0
14904,3,69,1029.0
14905,158,17,618.0
14907,4,165,3512.0
14908,75,9,278.0
14910,3,30,437.0
14913,36,87,1231.0
14915,92,12,310.0
14916,71,77,1276.0
14918,116,45,1616.0
14920,213,57,983.0
14921,31,78,1321.0
14923,51,44,750.0
14924,246,10,311.0
14929,33,11,223.0
14944,30,170,5896.0
14946,15,3,101.0
14947,73,14,289.0
14948,24,63,1104.0
14950,20,19,372.0
14951,80,20,313.0
14952,60,138,8109.0
14953,26,55,289.0
14954,13,85,341.0
14957,254,12,59.0
14958,148,42,504.0
14959,65,59,701.0
14960,9,27,226.0
14961,11,312,7077.0
14962,271,5,127.0
14963,10,198,1494.0
14964,248,13,209.0
14965,97,83,602.0
14966,15,38,194.0
14967,50,6,463.0
14968,31,37,149.0
14970,69,34,1603.0
14971,36,160,1128.0
14972,129,18,116.0
14973,108,32,1316.0
14974,38,21,116.0
14975,58,11,281.0
14976,58,72,798.0
14978,73,216,1953.0
14981,247,8,105.0
14984,20,41,215.0
14985,199,87,300.0
14987,16,4,328.0
14988,212,40,338.0
14995,39,61,236.0
14997,47,26,548.0
14998,171,75,433.0
15000,48,77,500.0
15002,116,115,1658.0
15004,148,158,1265.0
15005,16,1119,6353.0
15006,52,144,510.0
15007,160,12,158.0
15009,13,182,1275.0
15010,36,20,310.0
15012,54,128,429.0
15014,44,35,262.0
15016,173,20,172.0
15017,34,20,126.0
15018,39,31,500.0
15019,267,70,266.0
15021,9,472,1928.0
15022,12,135,916.0
15023,4,562,6838.0
15024,10,155,1680.0
15025,34,72,386.0
15026,81,61,474.0
15027,31,35,1069.0
15028,9,48,629.0
15030,72,7,518.0
15031,5,111,680.0
15032,257,52,4966.0
15033,5,510,2614.0
15034,16,394,4337.0
15035,90,27,254.0
15036,73,127,475.0
15038,59,130,714.0
15039,10,1502,20075.0
15041,171,67,182.0
15042,200,5,137.0
15043,32,3,537.0
15044,20,453,7758.0
15045,152,12,735.0
15046,10,206,5233.0
15047,270,22,346.0
15048,66,97,387.0
15049,274,3,121.0
15050,26,78,1789.0
15051,24,143,1405.0
15052,320,30,219.0
15053,5,71,703.0
15054,13,114,296.0
15057,276,25,1491.0
15058,26,276,2150.0
15059,41,237,1344.0
15060,9,121,305.0
15061,4,403,54566.0
15062,72,57,998.0
15063,214,5,372.0
15065,38,155,3173.0
15066,54,42,899.0
15067,79,82,1746.0
15068,47,104,563.0
15069,180,70,1124.0
15070,373,1,106.0
15071,94,26,984.0
15073,10,54,1056.0
15074,106,42,751.0
15075,78,27,775.0
15076,173,49,884.0
15078,8,440,9832.0
15079,213,47,901.0
15081,23,33,508.0
15083,257,5,89.0
15087,282,15,306.0
15088,22,57,1164.0
15089,11,145,2439.0
15090,309,23,383.0
15091,68,30,479.0
15092,216,26,459.0
15093,19,108,4610.0
15095,104,47,1377.0
15096,43,11,221.0
15097,5,25,251.0
15098,183,3,39917.0
15099,85,23,414.0
15100,334,3,875.0
15101,9,8,318.0
15103,32,35,705.0
15104,197,69,1033.0
15105,19,101,2298.0
15106,18,100,1426.0
15107,312,17,321.0
15109,246,28,491.0
15110,24,35,995.0
15111,30,84,1574.0
15113,10,100,3616.0
15114,31,197,2766.0
15115,19,21,340.0
15116,18,45,1355.0
15117,15,79,1568.0
15118,135,1,245.0
15119,246,14,269.0
15120,134,21,361.0
15121,51,28,461.0
15122,115,82,1644.0
15123,8,106,2209.0
15124,23,15,185.0
15125,26,127,11535.0
15127,66,16,409.0
15128,61,102,1479.0
15129,51,84,3450.0
15130,170,22,332.0
15132,19,52,983.0
15133,128,29,984.0
15134,15,73,1388.0
15135,240,9,140.0
15136,3,68,1293.0
15139,240,13,178.0
15140,53,80,2362.0
15142,47,26,499.0
15143,226,14,262.0
15144,9,217,6613.0
15145,5,67,1196.0
15146,165,91,1331.0
15147,241,28,623.0
15148,11,20,302.0
15149,134,23,524.0
15150,18,343,5349.0
15152,10,271,4778.0
15153,32,22,331.0
15154,76,85,300.0
15156,2,55,965.0
15157,4,125,1931.0
15158,46,7,401.0
15159,2,710,18682.0
15160,358,4,158.0
15163,19,29,305.0
15164,69,103,850.0
15165,374,27,491.0
15167,321,41,164.0
15168,26,5,107.0
15171,332,5,1289.0
15172,9,110,1642.0
15174,323,11,138.0
15175,72,23,224.0
15178,261,3,42.0
15179,19,93,2219.0
15180,368,6,88.0
15181,67,16,691.0
15182,155,29,628.0
15184,30,63,416.0
15185,71,21,311.0
15186,15,19,415.0
15187,2,91,4777.0
15189,2,212,16226.0
15192,120,51,1050.0
15193,61,19,502.0
15194,4,310,7630.0
15195,3,1,3861.0
15197,11,32,1081.0
15198,93,10,193.0
15199,60,13,1267.0
15201,88,69,1238.0
15203,26,142,1865.0
15204,358,9,317.0
15205,86,37,654.0
15206,11,9,420.0
15208,2,42,875.0
15210,226,20,333.0
15211,61,52,901.0
15212,242,5,102.0
15213,319,24,333.0
15214,2,110,1669.0
15215,47,35,737.0
15216,88,2,97.0
15218,11,166,5785.0
15219,177,9,307.0
15220,52,117,1784.0
15221,367,5,403.0
15222,319,5,585.0
15223,226,20,756.0
15224,359,14,323.0
15225,235,23,412.0
15226,311,8,155.0
15227,37,58,1226.0
15228,67,125,3395.0
15230,240,23,435.0
15232,114,31,619.0
15234,277,14,198.0
15235,218,143,2264.0
15236,299,15,323.0
15237,2,99,1424.0
15238,30,50,1078.0
15239,11,49,782.0
15240,45,78,1709.0
15241,67,110,1766.0
15243,75,22,318.0
15244,66,34,633.0
15245,135,89,2526.0
15246,239,33,519.0
15247,123,6,357.0
15249,32,350,6732.0
15251,10,111,10488.0
15252,37,44,746.0
15253,17,53,918.0
15254,128,18,302.0
15255,67,47,895.0
15256,149,6,99.0
15257,284,7,317.0
15258,169,34,627.0
15260,101,77,1814.0
15261,136,19,253.0
15262,324,10,180.0
15263,107,12,157.0
15264,65,23,395.0
15265,152,82,1518.0
15266,339,6,120.0
15267,23,11,1718.0
15269,24,2,409.0
15270,16,41,2382.0
15271,8,274,2528.0
15272,58,63,724.0
15274,5,47,718.0
15275,38,41,621.0
15276,67,52,130.0
15277,47,12,257.0
15279,355,19,291.0
15280,173,16,114.0
15281,59,139,2349.0
15286,50,3,240.0
15287,23,20,487.0
15288,44,88,2321.0
15289,30,58,938.0
15290,5,204,7956.0
15291,26,103,4681.0
15292,202,25,186.0
15296,51,194,3694.0
15297,11,39,643.0
15298,3,192,4821.0
15299,68,7,4507.0
15300,65,28,497.0
15301,51,243,5086.0
15303,291,31,573.0
15304,61,23,699.0
15306,65,58,1179.0
15307,96,12,208.0
15308,275,19,312.0
15311,1,2379,60913.0
15312,76,47,928.0
15313,111,1,52.0
15314,200,24,329.0
15315,65,37,568.0
15316,327,1,165.0
15318,4,33,309.0
15319,284,16,208.0
15320,45,36,273.0
15321,71,95,2755.0
15322,86,42,681.0
15325,104,49,169.0
15326,334,29,313.0
15327,53,10,208.0
15329,40,57,1061.0
15330,33,13,716.0
15333,209,16,1031.0
15334,157,99,359.0
15335,54,36,176.0
15339,67,86,576.0
15341,81,17,2021.0
15342,130,24,405.0
15343,88,21,368.0
15344,1,26,569.0
15345,46,20,397.0
15346,333,17,254.0
15347,367,5,202.0
15348,73,9,159.0
15349,159,72,479.0
15350,374,5,115.0
15351,13,225,1969.0
15353,255,63,787.0
15355,30,14,279.0
15356,32,519,2777.0
15358,5,551,8378.0
15360,40,13,429.0
15361,362,7,420.0
15363,373,16,327.0
15364,96,29,912.0
15365,26,114,2323.0
15366,76,44,609.0
15367,58,95,1891.0
15368,22,4,448.0
15370,41,94,2399.0
15372,138,27,2006.0
15373,9,132,2430.0
15374,129,3,168.0
15376,41,117,1239.0
15379,170,194,3729.0
15380,9,36,1693.0
15381,214,8,599.0
15382,15,302,5982.0
15384,170,41,647.0
15385,41,12,316.0
15386,187,31,394.0
15389,173,1,500.0
15392,5,84,1536.0
15393,17,12,231.0
15394,10,85,2196.0
15395,326,7,109.0
15396,113,14,289.0
15397,290,6,95.0
15398,17,73,1350.0
15399,2,50,824.0
15400,93,12,716.0
15402,149,42,632.0
15405,190,8,350.0
15406,32,53,519.0
15407,34,153,1066.0
15408,265,34,268.0
15410,85,122,3469.0
15411,27,99,1367.0
15412,172,10,191.0
15414,10,39,777.0
15415,314,48,580.0
15416,65,192,4008.0
15417,86,28,518.0
15419,25,8,135.0
15421,59,53,958.0
15422,324,6,98.0
15423,39,2,44.0
15424,255,17,384.0
15426,20,292,1468.0
15427,34,306,1494.0
15428,16,6,95.0
15429,27,82,405.0
15432,24,10,173.0
15433,214,41,539.0
15434,9,55,1048.0
15435,23,29,153.0
15436,13,329,1149.0
15437,263,45,203.0
15438,132,25,160.0
15440,55,62,390.0
15442,249,2,594.0
15443,2,382,3264.0
15444,10,219,1439.0
15445,265,5,114.0
15447,331,9,156.0
15448,313,28,497.0
15449,27,60,976.0
15450,31,30,430.0
15452,30,58,541.0
15453,2,286,1398.0
15454,363,25,184.0
15456,284,60,448.0
15457,263,58,238.0
15458,26,7,162.0
15460,355,58,217.0
15462,95,11,235.0
15463,30,7,127.0
15464,339,157,1063.0
15465,20,97,7364.0
15466,86,57,331.0
15467,10,52,529.0
15468,52,24,470.0
15469,51,24,540.0
15471,3,77,477.0
15472,114,76,381.0
15473,15,11,1771.0
15475,78,29,454.0
15478,41,46,1449.0
15482,16,98,11054.0
15483,162,88,234.0
15484,2,188,3611.0
15485,31,86,2580.0
15488,93,2,91.0
15489,23,50,1139.0
15491,96,154,3110.0
15492,29,35,660.0
15493,33,297,2018.0
15494,22,125,1301.0
15497,18,15,1261.0
15498,3,512,13369.0
15500,9,68,1138.0
15502,16,213,10393.0
15503,363,70,154.0
15504,82,13,55.0
15505,53,97,3615.0
15506,23,164,967.0
15507,172,46,499.0
15508,190,92,1006.0
15510,331,1,250.0
15511,12,160,921.0
15512,156,7,121.0
15513,34,308,14788.0
15514,13,178,4153.0
15516,45,15,63.0
15517,234,27,268.0
15518,65,214,1969.0
15520,2,18,342.0
15521,41,185,3024.0
15522,33,57,406.0
15523,85,10,414.0
15524,25,1,440.0
15525,3,178,829.0
15526,34,4,149.0
15527,19,163,2442.0
15528,255,26,234.0
15529,23,672,4029.0
15530,22,108,1510.0
15531,9,228,2023.0
15532,26,256,1604.0
15533,20,83,813.0
15535,174,75,540.0
15537,164,24,111.0
15539,8,41,539.0
15540,12,15,216.0
15541,115,29,86.0
15543,289,28,128.0
15544,10,259,3592.0
15545,55,81,297.0
15547,8,702,5005.0
15549,78,115,1705.0
15550,5,61,582.0
15551,37,29,440.0
15552,218,17,91.0
15553,61,56,442.0
15554,278,14,217.0
15555,13,899,4832.0
15556,25,31,284.0
15557,29,20,475.0
15561,12,27,804.0
15562,352,1,135.0
15563,23,113,1407.0
15565,51,8,175.0
15567,19,7,186.0
15568,3,53,761.0
15569,104,31,1380.0
15570,8,323,4195.0
15571,12,57,649.0
15572,5,215,2570.0
15573,32,104,615.0
15574,178,168,713.0
15576,38,45,945.0
15577,152,39,260.0
15578,163,13,128.0
15579,69,51,353.0
15581,121,150,3690.0
15582,25,44,687.0
15584,24,123,731.0
15585,177,31,459.0
15587,51,9,914.0
15589,256,29,480.0
15592,47,24,388.0
15593,71,5,199.0
15594,16,103,1783.0
15596,101,77,1414.0
15597,36,22,327.0
15598,54,14,242.0
15599,27,52,762.0
15601,12,410,6794.0
15602,9,47,1303.0
15603,79,2,49.0
15604,53,17,218.0
15605,37,67,1207.0
15606,62,77,2919.0
15607,337,13,106.0
15608,29,60,1098.0
15609,185,16,300.0
15610,52,6,113.0
15611,10,43,1597.0
15612,37,6,195.0
15615,11,423,10463.0
15618,33,45,779.0
15619,11,3,337.0
15620,57,100,1561.0
15621,5,16,1291.0
15622,44,185,3735.0
15623,142,19,303.0
15624,117,34,591.0
15625,104,64,1539.0
15626,75,49,675.0
15628,5,155,2872.0
15630,46,60,1190.0
15632,16,167,3308.0
15634,18,15,246.0
15636,90,25,723.0
15637,53,15,225.0
15639,135,25,428.0
15640,5,484,12561.0
15641,106,119,1902.0
15643,192,33,673.0
15644,167,238,830.0
15645,19,52,615.0
15646,158,35,455.0
15648,205,25,658.0
15649,337,2,816.0
15651,37,32,648.0
15652,92,21,339.0
15653,93,6,877.0
15654,10,21,925.0
15655,244,34,562.0
15656,46,47,753.0
15657,23,1,30.0
15658,191,48,1029.0
15659,44,11,308.0
15660,26,90,1608.0
15661,318,5,311.0
15663,107,9,138.0
15664,51,17,387.0
15665,169,116,2253.0
15667,40,13,299.0
15668,218,1,76.0
15669,41,33,688.0
15670,297,12,174.0
15671,19,78,2655.0
15673,89,155,2891.0
15674,74,114,2461.0
15675,82,21,326.0
15676,19,202,3448.0
15677,50,33,660.0
15678,53,12,354.0
15679,25,110,790.0
15680,10,78,1342.0
15681,26,53,1431.0
15683,118,10,194.0
15687,9,166,3008.0
15689,120,9,255.0
15690,5,19,240.0
15691,253,2,137.0
15692,29,12,191.0
15694,1,78,6483.0
15695,267,22,411.0
15696,34,171,2759.0
15699,18,18,310.0
15700,173,86,702.0
15701,3,237,1561.0
15703,265,5,211.0
15704,141,117,2294.0
15705,202,6,144.0
15706,64,55,1063.0
15707,36,214,964.0
15708,41,288,3399.0
15709,284,6,133.0
15712,10,53,1082.0
15713,144,19,357.0
15714,12,35,332.0
15716,146,118,1130.0
15717,235,7,150.0
15719,33,937,5069.0
15720,25,128,604.0
15721,12,91,506.0
15722,36,69,2228.0
15723,365,41,206.0
15724,202,11,220.0
15725,16,32,419.0
15727,17,302,5220.0
15729,213,5,85.0
15730,66,70,1128.0
15732,213,14,298.0
15733,283,10,163.0
15734,115,26,1343.0
15737,15,72,1211.0
15738,19,173,4819.0
15739,67,8,450.0
15740,50,9,155.0
15743,17,88,796.0
15744,78,3,35.0
15745,20,62,1103.0
15746,135,28,200.0
15747,13,93,970.0
15748,41,21,150.0
15749,236,10,44535.0
15750,3,293,2472.0
15752,40,411,2631.0
15753,305,1,79.0
15754,52,28,459.0
15755,11,141,2371.0
15756,62,192,541.0
15757,66,45,721.0
15758,25,9,206.0
15759,219,7,253.0
15762,66,37,588.0
15763,32,61,1096.0
15764,89,180,3293.0
15766,65,11,315.0
15768,116,27,625.0
15769,8,130,56252.0
15773,6,10,636.0
15774,69,25,276.0
15775,246,7,105.0
15776,134,18,244.0
15777,242,21,1050.0
15780,184,29,478.0
15781,26,20,347.0
15782,10,43,2619.0
15783,11,14,248.0
15785,33,83,2333.0
15786,47,267,4948.0
15787,27,206,954.0
15789,359,25,349.0
15790,11,35,225.0
15791,44,75,1622.0
15793,15,12,967.0
15795,150,42,615.0
15796,2,133,2728.0
15797,114,8,2207.0
15799,76,98,891.0
15800,108,119,705.0
15801,47,64,1072.0
15802,143,1,451.0
15803,52,8,416.0
15804,1,263,4236.0
15805,24,301,5557.0
15806,47,31,786.0
15807,51,48,910.0
15808,307,208,3759.0
15809,37,35,518.0
15810,79,89,1411.0
15811,23,133,2232.0
15812,108,41,1809.0
15813,208,40,1311.0
15814,17,72,1950.0
15815,64,49,2102.0
15819,50,123,1919.0
15820,320,17,207.0
15821,45,62,577.0
15822,4,33,888.0
15823,373,1,15.0
15825,173,20,534.0
15826,57,68,1658.0
15827,74,115,1844.0
15829,100,51,637.0
15830,38,39,581.0
15831,59,68,809.0
15832,255,54,841.0
15834,71,273,2254.0
15835,45,50,962.0
15836,51,10,139.0
15837,65,24,395.0
15838,12,167,33649.0
15839,34,62,1053.0
15840,59,27,357.0
15841,73,47,1230.0
15843,304,8,121.0
15844,47,11,129.0
15845,18,138,3715.0
15847,39,22,391.0
15850,20,97,240.0
15852,187,22,160.0
15853,52,30,115.0
15854,5,140,2987.0
15855,137,80,717.0
15856,5,645,16411.0
15857,19,14,295.0
15858,16,191,1452.0
15860,41,142,985.0
15861,13,546,3214.0
15862,9,147,846.0
15863,26,18,68.0
15864,23,20,1938.0
15865,41,40,899.0
15866,102,45,235.0
15867,6,461,3869.0
15869,278,15,151.0
15870,33,76,365.0
15872,15,128,359.0
15874,64,120,4410.0
15877,2,129,497.0
15880,370,105,343.0
15881,313,29,504.0
15882,199,23,515.0
15883,3,49,400.0
15885,93,18,382.0
15886,61,12,183.0
15888,81,12,171.0
15889,157,93,449.0
15891,227,62,532.0
15894,254,41,268.0
15895,150,11,178.0
15897,195,24,224.0
15898,2,86,1403.0
15899,369,4,57.0
15900,24,51,353.0
15901,17,116,371.0
15903,10,74,5127.0
15904,9,30,167.0
15906,20,150,1582.0
15907,4,249,971.0
15909,174,7,192.0
15910,1,267,1251.0
15912,179,19,265.0
15916,17,155,1546.0
15917,248,12,123.0
15918,191,40,338.0
15919,20,143,649.0
15920,155,60,170.0
15921,173,25,338.0
15922,374,11,370.0
15923,373,21,130.0
15925,195,12,208.0
15930,68,21,431.0
15932,5,115,2499.0
15933,22,74,1113.0
15935,240,12,417.0
15937,65,7,147.0
15938,113,18,406.0
15939,90,76,6112.0
15940,312,1,36.0
15942,134,14,339.0
15944,277,6,326.0
15945,366,2,181.0
15947,83,29,1709.0
15948,9,60,961.0
15949,17,19,364.0
15950,32,98,1783.0
15951,9,41,714.0
15952,34,91,814.0
15953,16,98,1670.0
15955,25,183,4439.0
15957,32,42,433.0
15958,75,7,104.0
15963,20,28,474.0
15965,18,122,859.0
15967,24,84,427.0
15969,3,20,668.0
15970,304,11,318.0
15971,18,35,4204.0
15973,367,4,307.0
15974,40,176,3455.0
15975,85,24,370.0
15976,166,98,435.0
15977,18,65,1065.0
15978,78,49,1097.0
15980,89,43,2403.0
15981,25,97,3416.0
15983,23,113,1476.0
15984,3,270,2863.0
15985,124,37,1146.0
15986,31,14,169.0
15987,13,140,1455.0
15988,20,27,158.0
15990,45,52,799.0
15992,4,3,43.0
15993,9,552,2831.0
15994,55,35,432.0
15996,89,130,1078.0
15998,37,506,3116.0
16000,3,9,12395.0
16003,30,103,2755.0
16005,13,218,627.0
16006,212,8,100.0
16007,48,385,1738.0
16008,24,33,483.0
16009,23,90,999.0
16010,246,86,415.0
16011,9,212,3375.0
16012,36,94,1423.0
16013,4,139,37143.0
16014,38,145,677.0
16015,4,182,707.0
16016,4,235,1534.0
16017,48,32,213.0
16018,40,28,412.0
16019,47,160,3802.0
16020,17,46,854.0
16022,261,76,639.0
16023,47,101,726.0
16024,13,64,257.0
16025,30,28,437.0
16026,44,32,239.0
16027,92,16,933.0
16029,39,242,81031.0
16030,310,29,334.0
16031,93,100,556.0
16033,6,1137,8926.0
16034,197,22,438.0
16036,88,55,759.0
16037,270,39,858.0
16038,8,26,471.0
16040,66,65,1323.0
16041,31,6,3167.0
16042,23,71,1196.0
16043,38,39,780.0
16045,120,83,1349.0
16048,374,8,254.0
16049,41,312,1128.0
16050,174,10,139.0
16052,55,34,367.0
16053,33,84,1522.0
16054,146,70,794.0
16055,221,8,136.0
16056,46,68,669.0
16057,17,121,2279.0
16059,66,180,1483.0
16062,10,64,1156.0
16063,261,23,336.0
16065,366,74,381.0
16066,17,102,1528.0
16070,23,33,853.0
16071,45,21,329.0
16072,289,23,587.0
16073,298,1,122.0
16076,4,129,2247.0
16078,284,1,79.0
16079,17,21,1353.0
16080,82,10,219.0
16081,57,227,2821.0
16083,101,31,1320.0
16084,300,38,439.0
16085,24,167,1003.0
16086,60,39,1126.0
16091,155,18,318.0
16092,115,51,818.0
16093,107,1,17.0
16094,12,63,1077.0
16096,265,12,320.0
16097,241,10,185.0
16098,88,67,2019.0
16099,51,39,738.0
16101,71,76,1300.0
16102,43,57,1840.0
16103,8,48,1441.0
16104,62,29,304.0
16105,249,13,340.0
16106,66,6,108.0
16107,18,31,3210.0
16108,85,48,841.0
16109,219,18,610.0
16110,46,354,1357.0
16112,144,16,200.0
16113,184,30,164.0
16114,171,8,138.0
16115,10,284,1692.0
16116,212,34,617.0
16117,190,30,235.0
16119,9,16,423.0
16120,60,30,1310.0
16121,58,212,878.0
16122,74,38,684.0
16123,52,16,308.0
16124,318,11,251.0
16125,368,13,291.0
16126,30,117,6293.0
16127,40,40,660.0
16128,18,89,1881.0
16131,52,78,3513.0
16133,4,339,14594.0
16134,22,35,619.0
16135,263,21,519.0
16136,60,37,710.0
16139,19,31,638.0
16140,66,35,725.0
16141,89,30,624.0
16142,250,37,540.0
16143,4,117,2444.0
16144,247,1,175.0
16145,9,224,3823.0
16146,158,29,735.0
16147,134,22,379.0
16148,297,1,76.0
16149,5,18,279.0
16150,43,117,2069.0
16152,269,29,1831.0
16153,50,89,1831.0
16156,9,130,3134.0
16157,16,18,658.0
16159,282,14,349.0
16160,66,20,1026.0
16161,2,474,5629.0
16162,253,2,38.0
16163,233,6,856.0
16164,18,34,821.0
16168,11,98,3800.0
16169,9,85,1829.0
16170,51,125,1897.0
16171,60,3,73.0
16172,96,69,1147.0
16173,16,84,1428.0
16174,127,23,1013.0
16175,95,58,1043.0
16177,51,15,333.0
16178,139,8,198.0
16179,61,11,216.0
16180,101,162,10276.0
16181,74,11,308.0
16182,73,28,6618.0
16183,68,15,340.0
16184,65,45,1163.0
16185,17,31,531.0
16186,23,218,4026.0
16187,32,295,6937.0
16188,45,67,991.0
16189,16,11,214.0
16190,41,6,215.0
16191,3,134,5185.0
16193,237,19,313.0
16198,76,15,401.0
16200,5,179,1085.0
16201,4,111,1887.0
16202,361,18,366.0
16203,59,35,595.0
16204,24,57,411.0
16205,31,98,762.0
16206,55,63,549.0
16207,26,19,395.0
16208,45,66,672.0
16209,89,46,2266.0
16210,2,123,21095.0
16211,89,23,553.0
16212,20,41,696.0
16213,79,6,160.0
16214,171,44,1066.0
16215,81,14,244.0
16216,268,37,922.0
16217,236,15,306.0
16218,30,84,3090.0
16221,37,97,871.0
16222,319,137,866.0
16224,58,96,1298.0
16225,45,134,1108.0
16226,204,8,256.0
16227,226,6,314.0
16229,88,47,1014.0
16230,190,35,550.0
16232,44,37,994.0
16233,72,22,536.0
16235,41,46,874.0
16236,79,20,434.0
16239,57,19,417.0
16240,25,135,3733.0
16241,10,662,2656.0
16242,9,294,3634.0
16243,34,51,415.0
16244,212,91,1526.0
16245,24,90,1419.0
16247,171,16,115.0
16248,62,7,153.0
16249,53,69,1805.0
16250,262,24,392.0
16253,67,123,3682.0
16255,17,270,2631.0
16256,267,13,752.0
16257,177,2,47.0
16258,46,135,5212.0
16260,51,18,1035.0
16261,18,124,754.0
16265,10,258,5468.0
16266,74,61,867.0
16268,72,45,677.0
16270,354,54,1149.0
16271,3,133,1452.0
16272,117,25,417.0
16274,374,67,366.0
16275,197,33,563.0
16276,177,6,811.0
16278,101,23,569.0
16279,22,107,1518.0
16281,73,17,2062.0
16282,340,11,170.0
16283,6,166,1587.0
16284,32,109,835.0
16287,170,8,142.0
16292,122,17,301.0
16293,22,118,2260.0
16295,10,79,1336.0
16297,269,20,304.0
16298,23,27,600.0
16302,127,11,234.0
16303,26,162,5368.0
16305,139,22,365.0
16306,214,41,634.0
16308,38,4,2560.0
16309,107,42,708.0
16311,18,37,619.0
16313,4,16,277.0
16315,331,14,229.0
16316,65,151,2959.0
16317,120,69,1350.0
16318,36,19,330.0
16319,218,3,405.0
16322,2,37,331.0
16323,197,1,208.0
16324,129,118,435.0
16325,47,18,595.0
16326,6,319,3141.0
16327,15,319,3883.0
16330,18,39,254.0
16332,29,153,1601.0
16333,8,45,26628.0
16337,37,10,151.0
16338,158,11,217.0
16339,285,20,111.0
16340,108,153,563.0
16341,25,77,1977.0
16342,76,15,324.0
16343,17,47,372.0
16344,159,2,101.0
16345,45,38,583.0
16347,12,92,891.0
16348,33,235,1483.0
16349,291,9,53.0
16350,22,57,1124.0
16351,333,8,157.0
16352,18,28,501.0
16353,4,94,6677.0
16354,64,39,400.0
16356,198,31,208.0
16357,34,34,662.0
16358,2,109,2044.0
16359,8,66,1761.0
16360,5,662,3537.0
16361,10,106,902.0
16362,33,81,742.0
16363,54,5,109.0
16364,12,53,714.0
16365,18,51,1548.0
16366,19,18,332.0
16367,38,130,817.0
16368,3,76,500.0
16369,19,118,1567.0
16370,83,228,1331.0
16372,34,97,378.0
16374,67,111,478.0
16376,9,125,996.0
16377,268,5,676.0
16378,248,23,364.0
16379,5,108,2163.0
16380,62,32,1781.0
16383,75,102,668.0
16384,90,33,587.0
16385,61,59,562.0
16386,29,88,320.0
16387,323,4,95.0
16389,54,34,1383.0
16392,270,45,229.0
16393,3,330,3061.0
16394,57,83,1555.0
16395,61,210,1510.0
16398,155,82,1715.0
16399,20,73,410.0
16400,95,29,305.0
16401,2,186,4119.0
16402,265,60,300.0
16403,313,10,179.0
16404,71,23,447.0
16405,303,5,167.0
16406,19,63,161.0
16407,13,172,2149.0
16409,37,232,2051.0
16411,20,45,217.0
16412,54,35,155.0
16413,57,31,264.0
16414,22,7,127.0
16415,45,54,210.0
16416,27,71,1059.0
16418,45,102,684.0
16419,113,51,979.0
16422,18,369,34672.0
16423,25,18,349.0
16424,192,5,135.0
16425,303,21,305.0
16426,3,372,1916.0
16427,264,9,242.0
16429,107,2,285.0
16430,58,6,302.0
16431,214,83,652.0
16432,65,8,288.0
16433,29,17,185.0
16434,30,109,1531.0
16438,6,132,811.0
16440,8,282,3671.0
16441,68,24,384.0
16442,2,174,622.0
16444,47,84,661.0
16445,34,63,239.0
16446,1,3,168473.0
16447,136,36,263.0
16448,199,20,189.0
16449,198,40,712.0
16450,150,11,315.0
16451,88,14,271.0
16454,45,2,7.0
16455,64,99,1844.0
16456,100,111,2171.0
16457,219,9,210.0
16458,3,202,3540.0
16460,29,135,819.0
16461,178,33,152.0
16462,74,3,136.0
16463,22,82,1427.0
16464,20,236,1323.0
16466,34,148,1613.0
16468,75,2,75.0
16469,24,182,661.0
16470,52,170,768.0
16471,275,13,224.0
16473,165,18,319.0
16474,8,360,1885.0
16475,89,28,546.0
16477,64,146,2519.0
16478,26,17,332.0
16479,11,35,302.0
16480,76,53,776.0
16482,16,18,221.0
16483,193,19,139.0
16484,174,25,408.0
16485,78,42,369.0
16488,34,29,500.0
16491,47,39,735.0
16493,80,56,1350.0
16494,297,50,828.0
16495,4,97,696.0
16496,9,95,1608.0
16497,50,136,2975.0
16498,162,15,102.0
16499,361,19,367.0
16500,5,11,400.0
16503,107,84,1443.0
16504,26,86,486.0
16505,32,4,779.0
16506,20,3,90.0
16509,297,13,365.0
16510,373,13,249.0
16511,22,169,960.0
16513,5,35,875.0
16515,53,113,1638.0
16516,31,6,102.0
16517,278,17,163.0
16518,62,40,489.0
16519,26,13,215.0
16520,187,156,1055.0
16523,2,290,9450.0
16525,3,183,13040.0
16526,172,15,293.0
16527,82,14,231.0
16528,4,17,244.0
16529,191,30,458.0
16531,23,77,1246.0
16532,18,4,6748.0
16533,20,177,1107.0
16535,6,31,599.0
16536,111,55,556.0
16539,3,45,1393.0
16542,54,5,120.0
16545,165,3,340.0
16546,291,25,786.0
16549,11,981,4200.0
16550,109,251,2323.0
16551,96,32,920.0
16552,243,17,384.0
16553,164,84,5722.0
16554,43,52,840.0
16555,36,17,286.0
16556,67,207,3329.0
16557,25,11,284.0
16558,1,460,8400.0
16560,27,57,847.0
16561,6,31,513.0
16563,54,19,1079.0
16565,365,3,174.0
16566,16,18,614.0
16567,195,35,865.0
16569,4,5,126.0
16570,16,126,3758.0
16571,27,87,1425.0
16572,128,57,1015.0
16573,85,42,669.0
16574,72,28,447.0
16581,183,9,108.0
16582,114,6,315.0
16583,374,14,233.0
16584,81,28,937.0
16586,249,8,464.0
16587,233,13,227.0
16589,72,33,460.0
16591,69,10,215.0
16592,5,216,4119.0
16593,51,27,334.0
16594,76,53,179.0
16595,62,85,361.0
16596,16,12,253.0
16597,5,7,92.0
16598,286,10,145.0
16600,5,62,817.0
16601,41,31,246.0
16602,37,29,528.0
16603,75,34,483.0
16607,18,172,3367.0
16609,16,276,5544.0
16610,220,6,75.0
16611,187,10,130.0
16612,33,66,1199.0
16613,71,30,620.0
16614,183,26,510.0
16616,16,33,503.0
16617,236,5,152.0
16618,32,96,2656.0
16619,264,14,227.0
16620,4,9,181.0
16621,52,29,816.0
16623,246,5,130.0
16624,81,48,813.0
16625,275,23,338.0
16626,1,179,4428.0
16627,80,20,325.0
16628,30,117,2209.0
16629,74,64,422.0
16633,18,152,2901.0
16634,223,9,219.0
16637,33,69,1156.0
16638,23,94,1692.0
16639,32,50,1263.0
16641,106,12,231.0
16642,5,34,688.0
16643,246,27,490.0
16644,178,62,844.0
16647,170,14,216.0
16648,43,19,291.0
16650,72,24,518.0
16652,59,118,6785.0
16653,17,69,1214.0
16654,142,29,604.0
16655,18,261,3807.0
16656,23,73,8635.0
16657,10,208,956.0
16658,369,8,124.0
16659,190,2,39.0
16660,17,16,1267.0
16665,363,9,137.0
16666,20,32,124.0
16667,69,53,574.0
16668,16,20,307.0
16669,24,160,1386.0
16670,17,252,4134.0
16671,29,6,1693.0
16672,3,114,8143.0
16674,55,98,327.0
16676,34,89,1596.0
16678,3,163,3111.0
16679,367,3,130.0
16680,44,10,184.0
16681,73,44,1769.0
16682,5,30,1026.0
16684,5,277,66664.0
16685,62,62,322.0
16686,48,585,3103.0
16688,2,62,1265.0
16689,76,13,422.0
16690,73,12,226.0
16692,257,3,1277.0
16693,69,60,488.0
16696,136,10,660.0
16697,242,21,114.0
16698,227,5,1998.0
16700,9,308,5118.0
16701,9,144,5406.0
16705,1,270,14068.0
16706,38,123,534.0
16708,46,27,660.0
16709,85,79,3037.0
16710,20,402,2513.0
16711,4,22,1652.0
16712,10,447,3686.0
16713,19,624,6992.0
16714,219,93,1175.0
16715,79,19,302.0
16716,267,2,901.0
16717,24,199,3881.0
16718,370,45,628.0
16719,15,201,1819.0
16720,27,27,154.0
16721,263,37,300.0
16722,18,225,4789.0
16723,92,43,592.0
16725,303,151,790.0
16726,27,185,1389.0
16727,365,46,275.0
16728,47,269,1064.0
16729,39,660,7286.0
16730,53,82,746.0
16732,32,28,606.0
16734,53,53,656.0
16735,79,125,2315.0
16737,54,1,418.0
16738,298,1,4.0
16739,177,13,325.0
16742,47,1,465.0
16743,30,191,2251.0
16744,12,242,1321.0
16745,87,357,7230.0
16746,5,449,6769.0
16747,38,42,839.0
16748,18,69,1536.0
16750,45,95,632.0
16751,31,25,1768.0
16752,373,9,208.0
16753,59,34,233.0
16754,373,2,2002.0
16755,115,170,1510.0
16756,215,13,241.0
16757,319,7,107.0
16758,66,22,369.0
16759,8,42,796.0
16761,97,13,317.0
16762,20,89,1512.0
16763,199,23,614.0
16764,4,706,2852.0
16765,295,1,34.0
16766,274,34,1150.0
16767,31,222,5599.0
16768,48,54,480.0
16769,261,40,384.0
16770,58,145,776.0
16771,34,255,2264.0
16773,58,26,174.0
16774,68,48,665.0
16775,11,158,1714.0
16776,61,76,391.0
16777,81,50,231.0
16778,75,16,244.0
16779,3,333,10656.0
16780,101,60,432.0
16781,373,17,312.0
16782,11,190,2316.0
16784,20,3,108.0
16788,124,155,601.0
16789,9,5,82.0
16790,4,93,1555.0
16791,30,320,1754.0
16792,283,12,111.0
16793,58,16,243.0
16794,2,285,1238.0
16795,366,66,421.0
16796,90,18,306.0
16800,12,164,1215.0
16801,164,76,1628.0
16803,66,24,335.0
16804,24,60,539.0
16805,174,98,467.0
16806,104,103,808.0
16807,143,67,1134.0
16808,100,23,292.0
16809,24,149,919.0
16810,193,15,312.0
16811,5,28,548.0
16812,361,15,482.0
16813,9,449,1686.0
16814,15,324,6555.0
16816,104,28,420.0
16817,3,86,1610.0
16818,11,189,3359.0
16820,96,26,497.0
16823,228,38,360.0
16824,16,26,462.0
16825,39,28,777.0
16826,52,22,344.0
16828,94,8,129.0
16829,157,11,199.0
16830,39,23,331.0
16832,185,12,201.0
16833,2,47,1112.0
16834,228,24,411.0
16835,129,10,183.0
16836,40,11,252.0
16837,32,165,3192.0
16838,198,25,592.0
16839,9,266,16599.0
16841,37,116,1879.0
16842,101,63,1267.0
16843,43,378,10218.0
16846,51,11,215.0
16847,44,12,195.0
16848,53,14,282.0
16849,187,8,126.0
16850,334,19,333.0
16851,5,20,344.0
16852,11,9,147.0
16855,24,19,332.0
16856,15,2,36.0
16858,369,10,376.0
16859,145,52,749.0
16861,60,6,173.0
16863,32,26,502.0
16866,141,11,209.0
16869,23,128,834.0
16871,23,137,2824.0
16872,78,7,681.0
16873,5,279,7138.0
16875,68,112,2105.0
16877,13,159,865.0
16878,85,3,14.0
16880,31,178,1535.0
16881,67,1,432.0
16882,67,39,706.0
16883,188,38,280.0
16884,38,26,431.0
16885,16,101,481.0
16887,36,37,200.0
16889,195,135,1599.0
16891,2,203,808.0
16892,2,99,531.0
16893,367,45,149.0
16895,65,69,219.0
16897,300,37,295.0
16898,27,162,513.0
16899,8,125,1296.0
16900,17,79,886.0
16902,117,44,1708.0
16903,30,60,375.0
16904,5,710,3763.0
16905,6,208,3128.0
16906,82,93,586.0
16907,30,151,982.0
16909,73,18,380.0
16910,5,547,1535.0
16912,29,101,2579.0
16913,291,8,113.0
16914,37,38,209.0
16915,10,57,626.0
16916,24,143,583.0
16917,277,9,393.0
16918,50,128,1082.0
16919,157,327,2610.0
16921,62,60,173.0
16923,13,672,7319.0
16924,22,83,857.0
16926,372,14,232.0
16927,116,6,545.0
16928,81,209,2869.0
16929,4,77,1311.0
16930,27,54,389.0
16931,6,898,4667.0
16932,54,53,161.0
16933,2,44,565.0
16934,55,62,953.0
16936,26,57,269.0
16938,9,241,2762.0
16940,53,305,3082.0
16942,13,281,1925.0
16943,212,33,821.0
16945,22,249,4404.0
16947,236,21,407.0
16948,139,19,434.0
16949,4,60,1293.0
16950,57,42,1180.0
16951,135,86,1274.0
16952,110,16,170.0
16953,31,1,21.0
16954,1,54,2086.0
16955,185,25,520.0
16956,18,16,310.0
16957,240,16,416.0
16959,88,7,119.0
16960,39,101,515.0
16961,117,14,234.0
16963,188,7,112.0
16965,227,26,200.0
16966,9,28,2153.0
16967,190,21,319.0
16968,5,31,442.0
16969,40,42,649.0
16971,39,41,360.0
16976,268,2,251.0
16978,78,39,348.0
16979,4,89,1859.0
16980,256,87,1085.0
16982,61,22,386.0
16983,13,148,1942.0
16984,89,407,4512.0
16985,18,120,5483.0
16986,30,3,1873.0
16987,4,129,1633.0
16988,6,7,127.0
16989,8,12,1134.0
16990,219,1,179.0
16992,11,93,1619.0
16996,31,37,1456.0
16997,289,12,707.0
16998,150,4,296.0
16999,24,23,486.0
17001,1,169,4007.0
17002,86,49,1494.0
17004,47,44,1421.0
17006,5,44,787.0
17007,51,52,895.0
17010,19,11,196.0
17011,31,15,269.0
17014,9,74,592.0
17015,29,217,1861.0
17017,3,252,8706.0
17018,41,16,924.0
17019,12,234,1286.0
17022,32,7,71.0
17024,46,3,96.0
17025,61,9,357.0
17026,186,4,155.0
17027,79,153,905.0
17029,111,2,716.0
17030,64,11,148.0
17031,12,22,389.0
17033,87,28,1030.0
17034,17,30,748.0
17035,246,28,440.0
17037,88,75,1273.0
17038,31,22,112.0
17040,138,15,452.0
17041,27,70,1088.0
17042,3,98,1049.0
17043,33,102,1739.0
17044,26,6,949.0
17045,114,22,342.0
17046,158,22,644.0
17047,86,65,1106.0
17048,118,43,928.0
17049,3,318,5715.0
17050,97,316,3269.0
17051,195,43,254.0
17052,29,92,420.0
17053,131,13,500.0
17054,29,83,1364.0
17058,82,62,1196.0
17059,30,516,3107.0
17060,267,5,235.0
17061,74,99,5243.0
17062,314,70,549.0
17063,22,78,1472.0
17064,59,62,869.0
17068,13,296,4608.0
17069,29,143,2737.0
17070,115,64,313.0
17071,29,140,2437.0
17073,18,174,1470.0
17075,18,77,839.0
17076,37,25,841.0
17078,37,28,379.0
17079,79,2,118.0
17080,23,8,287.0
17081,26,64,288.0
17082,34,81,2017.0
17083,110,52,1411.0
17084,36,162,2968.0
17085,124,187,1582.0
17086,8,96,2063.0
17088,29,115,2004.0
17090,5,63,2046.0
17091,3,195,3867.0
17092,51,125,1795.0
17094,323,14,303.0
17095,23,74,1339.0
17096,16,48,1029.0
17100,19,65,973.0
17101,11,42,1624.0
17102,262,1,26.0
17105,160,90,670.0
17107,34,418,10868.0
17109,30,117,897.0
17110,166,12,165.0
17111,48,30,252.0
17114,6,127,819.0
17115,9,39,844.0
17117,289,9,117.0
17118,318,10,160.0
17119,4,35,610.0
17120,234,18,312.0
17122,120,7,140.0
17123,162,9,346.0
17124,186,32,301.0
17125,51,40,262.0
17126,153,260,1017.0
17128,335,14,159.0
17131,6,134,2478.0
17133,16,27,4894.0
17134,107,24,429.0
17135,17,52,1146.0
17138,276,24,384.0
17139,16,478,10750.0
17140,248,20,468.0
17142,240,15,582.0
17144,2,48,993.0
17146,106,35,751.0
17147,23,81,1724.0
17148,52,9,127.0
17152,195,14,1689.0
17153,25,14,216.0
17154,76,23,331.0
17155,18,20,251.0
17157,8,13,319.0
17158,33,67,1276.0
17159,22,101,1548.0
17160,32,229,3570.0
17162,29,104,1732.0
17163,22,5,293.0
17164,33,144,2469.0
17165,285,10,159.0
17166,39,12,208.0
17169,58,54,838.0
17171,290,16,226.0
17172,79,15,317.0
17173,6,86,3768.0
17174,218,4,61.0
17175,45,63,1448.0
17176,202,15,309.0
17179,179,80,719.0
17180,57,128,801.0
17181,58,23,239.0
17183,8,73,3349.0
17186,47,2,144.0
17187,227,10,206.0
17188,12,84,2474.0
17189,107,61,385.0
17190,59,19,444.0
17191,29,237,2109.0
17193,36,32,1701.0
17194,274,29,264.0
17197,30,29,1015.0
17198,24,96,700.0
17201,54,40,347.0
17203,36,152,3570.0
17204,176,57,1568.0
17205,54,13,385.0
17206,54,7,205.0
17211,27,211,2338.0
17212,254,4,227.0
17213,41,157,2805.0
17214,61,103,1081.0
17217,235,9,114.0
17218,5,274,1979.0
17219,32,25,114.0
17220,25,472,3241.0
17221,8,63,337.0
17222,66,28,358.0
17223,311,49,432.0
17226,309,21,395.0
17227,19,47,942.0
17228,16,208,1927.0
17229,97,47,318.0
17230,265,69,3642.0
17231,13,541,3195.0
17232,3,36,425.0
17233,36,25,192.0
17234,183,14,151.0
17235,26,29,553.0
17236,13,105,920.0
17237,12,19,317.0
17238,3,566,3758.0
17239,313,15,385.0
17242,109,40,1138.0
17243,2,400,8731.0
17244,54,31,954.0
17245,205,9,172.0
17247,16,55,282.0
17248,121,69,323.0
17250,4,57,389.0
17251,363,39,285.0
17252,117,87,350.0
17253,19,18,180.0
17254,5,112,281.0
17255,41,78,298.0
17256,108,16,242.0
17259,149,124,606.0
17262,53,12,1255.0
17263,209,23,66.0
17265,139,127,564.0
17266,3,80,317.0
17267,128,38,319.0
17268,108,6,764.0
17272,43,114,2148.0
17274,36,27,111.0
17277,228,69,1074.0
17278,242,15,247.0
17279,58,9,188.0
17282,131,94,1707.0
17284,61,292,1671.0
17286,22,45,153.0
17287,27,124,1077.0
17288,10,142,1421.0
17289,32,111,950.0
17290,4,102,531.0
17291,309,1,551.0
17293,9,135,1889.0
17295,29,69,562.0
17297,18,51,133.0
17298,102,30,504.0
17299,12,57,673.0
17301,22,66,200.0
17302,15,79,1141.0
17303,362,53,256.0
17306,11,66,8644.0
17309,96,12,83.0
17311,79,55,1387.0
17312,139,14,646.0
17313,32,24,2332.0
17314,25,131,2528.0
17315,2,473,6331.0
17317,47,9,2601.0
17320,101,73,1207.0
17321,9,107,705.0
17323,16,200,940.0
17324,18,50,997.0
17325,281,6,99.0
17329,15,33,527.0
17330,23,6,364.0
17331,124,1,175.0
17333,86,28,495.0
17334,303,11,307.0
17337,152,543,2068.0
17338,18,753,6704.0
17339,95,9,243.0
17340,30,407,12372.0
17341,157,183,797.0
17343,356,17,195.0
17344,47,32,163.0
17345,16,87,543.0
17346,4,500,2691.0
17347,87,1,229.0
17348,15,215,1170.0
17349,180,9,113.0
17350,9,71,1293.0
17351,37,27,590.0
17353,130,8,1744.0
17354,51,16,1394.0
17356,312,19,180.0
17357,25,45,392.0
17358,304,59,367.0
17359,12,15,128.0
17360,18,132,590.0
17361,50,29,491.0
17362,240,35,313.0
17364,1,411,4495.0
17365,13,468,4845.0
17367,239,34,172.0
17368,24,111,1917.0
17370,73,33,447.0
17371,18,87,426.0
17372,41,253,1365.0
17373,41,57,655.0
17374,219,28,499.0
17375,200,69,406.0
17376,71,24,207.0
17377,24,418,4132.0
17379,12,83,412.0
17381,9,109,20285.0
17382,66,2,65.0
17383,5,51,203.0
17384,20,15,336.0
17385,15,47,267.0
17386,8,28,2688.0
17387,20,78,794.0
17388,78,15,1260.0
17389,1,213,31852.0
17391,164,3,510.0
17392,307,62,463.0
17394,220,4,205.0
17396,40,27,7331.0
17397,23,92,702.0
17398,115,38,658.0
17400,127,213,2150.0
17402,5,59,2635.0
17403,37,33,289.0
17405,2,82,1038.0
17406,334,113,2206.0
17408,164,2,33.0
17409,185,13,774.0
17410,17,64,1221.0
17411,13,41,782.0
17412,3,66,1269.0
17414,44,6,777.0
17415,80,14,507.0
17416,30,269,6938.0
17418,43,30,467.0
17419,12,206,4238.0
17420,51,30,603.0
17422,17,117,1982.0
17423,47,26,697.0
17425,20,43,761.0
17426,9,271,5052.0
17427,72,2,101.0
17428,1,328,17278.0
17429,129,39,526.0
17430,33,14,266.0
17431,314,43,402.0
17432,19,48,368.0
17433,89,54,306.0
17434,3,134,2377.0
17436,2,9,216.0
17438,254,17,389.0
17440,157,5,187.0
17442,37,135,2255.0
17446,177,9,119.0
17447,41,36,540.0
17449,3,277,2550.0
17450,9,337,194564.0
17451,2,100,1725.0
17453,18,19,489.0
17454,193,61,528.0
17455,204,8,135.0
17456,366,17,249.0
17457,127,19,1739.0
17458,16,54,319.0
17459,44,111,650.0
17460,95,29,624.0
17461,23,111,763.0
17462,61,27,680.0
17463,17,215,1916.0
17464,159,9,290.0
17466,11,41,769.0
17468,11,5,137.0
17469,17,88,1886.0
17470,45,78,1128.0
17472,192,181,721.0
17475,80,14,196.0
17480,78,29,511.0
17481,4,82,1260.0
17483,66,21,418.0
17486,262,24,398.0
17489,59,29,375.0
17490,1,76,2095.0
17491,2,109,3575.0
17492,249,12,375.0
17495,8,27,500.0
17496,359,10,271.0
17498,76,17,272.0
17499,290,40,628.0
17500,18,5,1139.0
17501,221,18,290.0
17502,10,28,690.0
17503,3,38,560.0
17504,207,127,3010.0
17505,162,52,1149.0
17506,76,14,305.0
17507,262,88,610.0
17509,58,366,6158.0
17510,25,20,310.0
17511,3,963,91109.0
17512,29,105,2935.0
17513,73,6,514.0
17514,129,40,211.0
17515,32,87,647.0
17516,16,137,778.0
17517,309,11,156.0
17519,18,82,1845.0
17520,54,30,548.0
17521,30,45,723.0
17522,2,73,1075.0
17523,12,33,653.0
17524,362,6,146.0
17525,360,9,424.0
17526,5,19,1199.0
17527,54,47,946.0
17528,2,253,3649.0
17530,2,394,2409.0
17531,191,14,297.0
17534,54,9,225.0
17535,281,13,164.0
17536,178,3,78.0
17537,30,75,904.0
17538,26,9,99.0
17540,25,25,579.0
17542,270,25,174.0
17545,44,145,652.0
17548,234,5,105.0
17549,24,6,149.0
17550,198,42,271.0
17551,360,43,310.0
17552,61,49,933.0
17553,130,2,1488.0
17554,2,88,1963.0
17555,20,106,486.0
17556,206,6,159.0
17557,15,34,544.0
17560,95,27,857.0
17561,20,46,171.0
17562,15,63,1132.0
17564,25,49,457.0
17566,9,152,913.0
17567,8,165,4345.0
17569,333,29,347.0
17571,51,299,1522.0
17572,72,12,229.0
17573,30,25,383.0
17574,243,8,186.0
17576,9,411,3651.0
17578,219,5,144.0
17579,5,50,450.0
17580,253,45,220.0
17581,1,440,11113.0
17582,237,29,176.0
17584,8,35,1249.0
17585,110,214,1146.0
17588,101,23,1244.0
17589,61,253,2426.0
17590,3,201,1501.0
17591,74,166,2230.0
17593,4,213,3944.0
17594,86,50,1000.0
17595,13,83,399.0
17596,24,270,2836.0
17597,214,55,2048.0
17600,18,13,164.0
17601,240,9,117.0
17602,3,560,5141.0
17603,79,11,393.0
17604,218,63,311.0
17608,34,59,200.0
17609,41,237,1131.0
17611,8,576,4034.0
17612,54,135,2068.0
17613,23,312,4589.0
17614,58,100,400.0
17615,131,14,332.0
17616,174,3,571.0
17618,6,78,980.0
17619,313,77,223.0
17620,60,4,81.0
17621,22,26,1382.0
17623,33,33,529.0
17624,15,50,847.0
17625,19,315,2077.0
17628,82,5,75.0
17629,6,123,1819.0
17630,170,26,506.0
17631,2,39,534.0
17633,32,70,1332.0
17634,37,297,2371.0
17636,20,20,290.0
17637,32,35,552.0
17639,277,7,110.0
17640,87,5,621.0
17642,120,40,720.0
17643,374,8,102.0
17644,2,157,2918.0
17646,220,51,1011.0
17647,66,7,134.0
17648,61,91,1814.0
17649,139,52,875.0
17650,22,8,166.0
17651,12,232,3986.0
17652,26,259,4894.0
17653,37,44,1212.0
17654,278,22,121.0
17655,11,91,2646.0
17656,74,82,1679.0
17658,26,19,594.0
17659,18,158,3012.0
17660,142,45,199.0
17663,26,86,1810.0
17664,19,43,608.0
17666,4,18,728.0
17667,67,117,2071.0
17668,2,15,349.0
17669,43,68,3417.0
17670,228,11,205.0
17671,16,53,1575.0
17672,51,110,3184.0
17673,2,227,1640.0
17674,75,27,552.0
17675,2,705,20455.0
17676,5,78,1401.0
17677,2,304,16376.0
17678,264,16,300.0
17679,53,30,1991.0
17680,24,11,185.0
17682,11,118,2501.0
17684,44,15,241.0
17685,17,130,3205.0
17686,8,286,5786.0
17690,31,256,4788.0
17691,359,19,293.0
17692,128,46,744.0
17693,138,16,202.0
17694,142,15,285.0
17695,132,35,766.0
17696,39,115,2295.0
17697,237,19,342.0
17698,261,8,155.0
17700,17,142,2549.0
17701,253,24,424.0
17702,31,74,1838.0
17703,36,55,793.0
17704,169,31,889.0
17705,4,103,1841.0
17706,5,382,10546.0
17707,186,5,153.0
17708,188,35,269.0
17709,170,7,139.0
17711,11,23,386.0
17712,45,29,524.0
17714,321,10,153.0
17715,201,1,326.0
17716,23,245,5678.0
17718,233,6,140.0
17719,38,274,5409.0
17720,27,50,1199.0
17722,97,115,2429.0
17723,128,10,3278.0
17724,72,40,1040.0
17725,17,192,3444.0
17727,16,66,1068.0
17728,4,165,2883.0
17730,4,218,5309.0
17731,80,67,1244.0
17732,373,18,308.0
17733,39,35,693.0
17734,54,43,703.0
17735,3,690,13207.0
17736,10,25,379.0
17737,10,10,169.0
17738,20,97,1884.0
17739,12,47,2794.0
17742,114,15,359.0
17744,4,136,2321.0
17746,241,6,112.0
17747,113,1,71.0
17749,179,35,678.0
17750,6,193,1790.0
17752,360,1,81.0
17754,1,92,1787.0
17757,2,741,5665.0
17758,20,412,3476.0
17759,18,95,843.0
17760,22,25,289.0
17761,33,19,714.0
17763,264,1,15.0
17764,51,75,828.0
17765,159,57,372.0
17767,16,21,273.0
17768,9,105,2285.0
17769,13,310,4028.0
17770,199,38,1149.0
17771,57,54,254.0
17772,11,53,185.0
17774,97,156,1238.0
17775,255,3,56.0
17777,25,194,674.0
17779,22,82,661.0
17781,160,12,189.0
17783,73,67,290.0
17785,54,13,134.0
17786,86,72,281.0
17787,153,134,1877.0
17788,74,5,1118.0
17789,282,14,228.0
17790,27,190,1985.0
17791,30,10,107.0
17793,26,58,326.0
17795,180,46,355.0
17796,41,82,710.0
17797,23,111,785.0
17799,23,408,3079.0
17800,38,104,1208.0
17802,83,140,1292.0
17805,74,10,511.0
17806,12,43,544.0
17809,17,61,5416.0
17811,5,851,7899.0
17812,13,141,737.0
17813,15,371,1787.0
17816,37,17,37.0
17817,5,33,391.0
17819,72,48,3703.0
17824,52,13,298.0
17827,6,220,2016.0
17830,2,23,403.0
17831,34,2,36.0
17832,50,61,151.0
17835,3,61,350.0
17836,48,24,109.0
17837,43,169,1606.0
17838,27,121,2783.0
17839,43,56,339.0
17841,2,7847,41519.0
17843,304,37,208.0
17846,86,1,2033.0
17848,82,51,906.0
17849,219,26,609.0
17850,373,297,5374.0
17852,12,24,119.0
17854,186,15,313.0
17855,373,17,210.0
17856,2,15,1417.0
17857,5,54,26886.0
17858,6,199,5181.0
17859,305,25,147.0
17860,369,58,254.0
17861,4,222,2121.0
17862,324,11,333.0
17863,60,148,3168.0
17864,13,102,602.0
17865,31,370,10510.0
17866,143,9,330.0
17867,31,79,1195.0
17869,108,40,431.0
17870,3,279,1901.0
17871,205,10,159.0
17873,81,44,1858.0
17874,186,46,684.0
17877,171,12,238.0
17878,44,26,380.0
17879,174,6,178.0
17880,365,26,462.0
17881,305,8,134.0
17883,4,145,678.0
17884,4,117,731.0
17885,13,64,192.0
17886,32,109,903.0
17887,130,10,112.0
17888,22,67,733.0
17889,213,21,207.0
17890,323,94,612.0
17891,163,34,201.0
17892,57,28,246.0
17893,226,16,112.0
17894,72,193,1134.0
17895,45,16,99.0
17896,24,2,257.0
17897,173,114,570.0
17898,86,28,154.0
17899,160,32,158.0
17900,191,6,112.0
17901,30,19,112.0
17904,22,38,195.0
17905,72,34,804.0
17906,248,12,75.0
17908,374,58,245.0
17911,10,39,369.0
17912,311,38,314.0
17913,59,59,421.0
17914,4,80,334.0
17917,46,94,353.0
17919,89,23,1306.0
17920,5,696,4256.0
17921,65,145,837.0
17923,283,1,208.0
17924,12,31,2964.0
17925,373,1,244.0
17926,134,21,400.0
17928,46,23,214.0
17929,12,5,843.0
17930,36,39,1742.0
17931,135,65,414.0
17932,30,90,1345.0
17934,52,21,706.0
17935,139,29,146.0
17936,6,77,390.0
17937,9,43,4303.0
17939,160,12,100.0
17940,50,19,4106.0
17941,131,2,304.0
17942,8,2,78.0
17946,234,20,150.0
17947,38,9,177.0
17948,148,1,359.0
17949,2,70,58511.0
17950,73,71,487.0
17951,40,20,1011.0
17954,6,485,2351.0
17955,199,19,557.0
17956,250,1,13.0
17957,67,31,116.0
17958,117,7,509.0
17960,172,26,73.0
17961,22,249,1315.0
17962,143,35,106.0
17964,32,104,475.0
17965,38,329,2651.0
17966,38,68,1099.0
17967,372,48,128.0
17968,374,85,282.0
17969,167,14,229.0
17970,212,31,586.0
17972,242,31,137.0
17973,52,15,340.0
17974,25,179,741.0
17975,16,296,4509.0
17976,373,65,355.0
17977,30,21,289.0
17978,366,12,301.0
17979,36,146,776.0
17980,166,30,812.0
17984,146,48,154.0
17985,23,23,642.0
17986,57,1,21.0
17987,186,13,197.0
17988,12,38,203.0
17990,237,29,634.0
17991,226,5,94.0
17994,122,81,684.0
17995,282,2,77.0
17997,75,166,1980.0
17999,38,93,385.0
18001,13,58,423.0
18004,363,40,170.0
18005,4,60,252.0
18006,24,22,448.0
18008,71,30,2118.0
18009,236,32,260.0
18010,257,14,178.0
18011,374,28,102.0
18013,156,31,189.0
18014,29,32,168.0
18015,5,46,120.0
18016,33,123,1491.0
18017,82,3,523.0
18018,109,29,124.0
18019,52,5,39.0
18022,36,191,678.0
18024,153,21,391.0
18027,99,21,116.0
18030,5,9,232.0
18032,335,5,75.0
18033,66,34,101.0
18034,22,112,427.0
18035,36,53,727.0
18036,33,96,409.0
18037,155,19,70.0
18040,20,19,359.0
18041,12,472,4203.0
18042,54,7,166.0
18043,25,121,565.0
18044,5,127,2098.0
18045,46,47,189.0
18048,204,7,173.0
18050,360,5,75.0
18053,71,20,302.0
18055,8,360,6822.0
18056,289,19,362.0
18058,10,3,171.0
18059,24,19,304.0
18061,22,46,2125.0
18062,174,27,725.0
18064,134,7,815.0
18065,6,137,2409.0
18066,76,10,319.0
18067,41,37,402.0
18068,290,1,102.0
18069,27,470,2066.0
18071,258,25,456.0
18072,186,18,248.0
18073,115,73,3888.0
18074,374,13,491.0
18075,24,142,2618.0
18077,9,227,2658.0
18078,218,29,338.0
18079,46,127,3657.0
18080,19,2,1231.0
18081,37,17,346.0
18082,26,73,709.0
18084,17,1,90.0
18085,331,29,690.0
18086,275,7,102.0
18087,99,2,4056.0
18088,62,39,168.0
18092,3,89,9070.0
18093,94,36,2109.0
18094,82,70,3013.0
18095,313,21,581.0
18096,12,213,923.0
18097,8,108,2707.0
18099,128,19,166.0
18101,12,41,227.0
18102,1,431,259665.0
18104,38,38,754.0
18105,38,18,114.0
18106,330,39,437.0
18108,255,17,274.0
18109,2,444,8109.0
18110,20,46,244.0
18112,13,26,354.0
18113,369,1,76.0
18114,291,28,223.0
18116,68,378,1436.0
18117,26,74,324.0
18118,11,1279,5701.0
18119,368,30,180.0
18120,215,17,113.0
18121,150,32,676.0
18122,9,364,1847.0
18123,25,36,587.0
18125,30,196,1168.0
18126,61,56,212.0
18127,20,47,353.0
18129,244,14,115.0
18130,16,70,1063.0
18133,213,1,931.0
18135,30,20,684.0
18136,64,38,788.0
18138,296,8,154.0
18139,18,159,8436.0
18142,158,15,1020.0
18143,117,61,1007.0
18144,8,43,2892.0
18145,13,221,2879.0
18146,141,10,160.0
18147,46,7,180.0
18149,51,16,614.0
18150,33,37,568.0
18151,135,38,654.0
18154,4,21,398.0
18155,76,25,373.0
18156,13,140,745.0
18158,10,34,464.0
18159,302,23,536.0
18160,58,39,644.0
18161,16,80,1626.0
18164,38,24,406.0
18165,178,10,303.0
18167,24,37,1384.0
18168,177,131,1184.0
18169,61,9,202.0
18170,34,38,986.0
18171,59,54,1238.0
18172,15,189,7572.0
18173,87,31,2108.0
18174,8,1,104.0
18176,359,30,477.0
18177,32,74,1362.0
18178,129,97,1608.0
18179,10,90,1801.0
18180,5,119,1850.0
18181,25,44,388.0
18183,228,37,637.0
18184,16,1,50.0
18185,250,17,304.0
18188,16,71,2001.0
18189,78,68,1098.0
18190,193,15,288.0
18191,262,7,208.0
18192,72,45,969.0
18193,166,16,246.0
18194,83,7,974.0
18196,96,141,701.0
18198,5,159,5433.0
18200,107,32,168.0
18202,200,68,1404.0
18203,158,19,162.0
18204,72,200,2010.0
18205,37,32,523.0
18209,29,8,140.0
18210,2,134,2625.0
18211,26,42,603.0
18212,327,43,254.0
18213,237,15,233.0
18215,90,13,300.0
18216,32,26,483.0
18217,30,31,620.0
18218,212,21,665.0
18219,3,114,2084.0
18220,227,2,306.0
18221,23,64,1045.0
18222,93,19,443.0
18223,5,272,6497.0
18224,264,10,160.0
18225,4,271,5528.0
18226,45,242,5261.0
18227,218,5,95.0
18228,57,30,782.0
18229,12,164,7300.0
18230,10,86,2815.0
18231,193,124,2102.0
18232,82,37,600.0
18233,326,1,440.0
18235,72,104,1799.0
18236,30,49,888.0
18237,3,61,987.0
18239,219,88,1566.0
18240,47,6,423.0
18241,10,104,2079.0
18242,73,78,2237.0
18245,8,175,2585.0
18246,24,4,596.0
18248,123,47,811.0
18249,18,8,95.0
18250,311,21,351.0
18251,88,16,4313.0
18252,51,98,531.0
18255,90,6,103.0
18257,40,118,2354.0
18259,25,42,2336.0
18260,173,134,2656.0
18261,44,21,324.0
18262,141,13,151.0
18263,26,61,1216.0
18265,73,46,810.0
18268,135,1,26.0
18269,367,7,169.0
18270,39,11,282.0
18272,3,166,3093.0
18273,3,3,204.0
18274,31,11,176.0
18276,44,14,335.0
18277,59,8,112.0
18278,74,9,175.0
18280,278,10,182.0
18281,181,7,81.0
18282,8,12,181.0
18283,4,756,2140.0
18287,43,70,1836.0
